VERBOSE: SPM(0): 0x84000063 0x10002 0x0 0x0 0x0 0x0 0x0 0x0
VERBOSE: SPM(0): 0x84000070 0x8000ffff 0x80000009 0x10003 0x0 0x0 0x0 0x0
VERBOSE: SPM(0): 0x84000069 0x0 0x0 0x0 0x0 0x0 0x0 0x0
VERBOSE: SPM(0): 0x84000069 0x0 0x0 0x0 0x0 0x0 0x0 0x0
VERBOSE: SPM(0): 0x84000069 0x0 0x0 0x0 0x0 0x0 0x0 0x0
VERBOSE: SPM(0): 0x84000069 0x0 0x0 0x0 0x0 0x0 0x0 0x0
VERBOSE: SPM(0): 0x84000069 0x0 0x0 0x0 0x0 0x0 0x0 0x0
VERBOSE: SPM(0): 0x84000069 0x0 0x0 0x0 0x0 0x0 0x0 0x0
VERBOSE: SPM(0): 0x84000069 0x0 0x0 0x0 0x0 0x0 0x0 0x0
VERBOSE: SPM(0): 0x84000069 0x0 0x0 0x0 0x0 0x0 0x0 0x0
VERBOSE: SPM(0): 0x84000069 0x0 0x0 0x0 0x0 0x0 0x0 0x0
VERBOSE: SPM(0): 0x84000069 0x0 0x0 0x0 0x0 0x0 0x0 0x0
VERBOSE: SPM(0): 0x84000069 0x0 0x0 0x0 0x0 0x0 0x0 0x0
VERBOSE: SPM(0): 0x84000069 0x0 0x0 0x0 0x0 0x0 0x0 0x0
VERBOSE: SPM(0): 0x84000069 0x0 0x0 0x0 0x0 0x0 0x0 0x0
VERBOSE: SPM(0): 0x84000069 0x0 0x0 0x0 0x0 0x0 0x0 0x0
VERBOSE: SPM(0): 0x84000069 0x0 0x0 0x0 0x0 0x0 0x0 0x0
VERBOSE: SPM(0): 0x84000069 0x0 0x0 0x0 0x0 0x0 0x0 0x0
VERBOSE: SPM(0): 0x84000069 0x0 0x0 0x0 0x0 0x0 0x0 0x0
VERBOSE: SPM(0): 0x84000069 0x0 0x0 0x0 0x0 0x0 0x0 0x0
VERBOSE: SPM(0): 0x84000069 0x0 0x0 0x0 0x0 0x0 0x0 0x0
VERBOSE: SPM(0): 0x84000069 0x0 0x0 0x0 0x0 0x0 0x0 0x0
VERBOSE: SPM(0): 0x84000069 0x0 0x0 0x0 0x0 0x0 0x0 0x0
VERBOSE: SPM(0): 0x84000069 0x0 0x0 0x0 0x0 0x0 0x0 0x0
VERBOSE: SPM(0): 0x84000069 0x0 0x0 0x0 0x0 0x0 0x0 0x0
VERBOSE: SPM(0): 0x84000069 0x0 0x0 0x0 0x0 0x0 0x0 0x0
VERBOSE: SPM(0): 0x84000069 0x0 0x0 0x0 0x0 0x0 0x0 0x0
VERBOSE: SPM(0): 0x84000069 0x0 0x0 0x0 0x0 0x0 0x0 0x0
VERBOSE: SPM(0): 0x84000069 0x0 0x0 0x0 0x0 0x0 0x0 0x0
VERBOSE: SPM(0): 0x84000069 0x0 0x0 0x0 0x0 0x0 0x0 0x0
VERBOSE: SPM(0): 0x84000069 0x0 0x0 0x0 0x0 0x0 0x0 0x0
VERBOSE: SPM(0): 0x84000069 0x0 0x0 0x0 0x0 0x0 0x0 0x0
VERBOSE: SPM(0): 0x84000069 0x0 0x0 0x0 0x0 0x0 0x0 0x0
VERBOSE: SPM(0): 0x84000069 0x0 0x0 0x0 0x0 0x0 0x0 0x0
VERBOSE: SPM(0): 0x84000069 0x0 0x0 0x0 0x0 0x0 0x0 0x0
VERBOSE: SPM(0): 0x84000069 0x0 0x0 0x0 0x0 0x0 0x0 0x0
VERBOSE: SPM(0): 0x84000069 0x0 0x0 0x0 0x0 0x0 0x0 0x0
VERBOSE: SPM(0): 0x84000069 0x0 0x0 0x0 0x0 0x0 0x0 0x0
VERBOSE: SPM(0): 0x84000069 0x0 0x0 0x0 0x0 0x0 0x0 0x0
VERBOSE: SPM(0): 0x84000069 0x0 0x0 0x0 0x0 0x0 0x0 0x0
VERBOSE: SPM(0): 0x84000069 0x0 0x0 0x0 0x0 0x0 0x0 0x0
VERBOSE: SPM(0): 0x84000069 0x0 0x0 0x0 0x0 0x0 0x0 0x0
VERBOSE: SPM(0): 0x84000069 0x0 0x0 0x0 0x0 0x0 0x0 0x0
VERBOSE: SPM(0): 0x84000069 0x0 0x0 0x0 0x0 0x0 0x0 0x0
VERBOSE: SPM(0): 0x84000069 0x0 0x0 0x0 0x0 0x0 0x0 0x0
VERBOSE: SPM(0): 0x84000069 0x0 0x0 0x0 0x0 0x0 0x0 0x0
VERBOSE: SPM(0): 0x84000069 0x0 0x0 0x0 0x0 0x0 0x0 0x0
VERBOSE: SPM(0): 0x84000069 0x0 0x0 0x0 0x0 0x0 0x0 0x0
VERBOSE: SPM(0): 0x84000069 0x0 0x0 0x0 0x0 0x0 0x0 0x0
VERBOSE: SPM(0): 0x84000069 0x0 0x0 0x0 0x0 0x0 0x0 0x0
VERBOSE: SPM(0): 0x84000069 0x0 0x0 0x0 0x0 0x0 0x0 0x0
VERBOSE: SPM(0): 0x84000069 0x0 0x0 0x0 0x0 0x0 0x0 0x0
VERBOSE: SPM(0): 0x84000069 0x0 0x0 0x0 0x0 0x0 0x0 0x0
VERBOSE: SPM(0): 0x84000069 0x0 0x0 0x0 0x0 0x0 0x0 0x0
VERBOSE: SPM(0): 0x84000069 0x0 0x0 0x0 0x0 0x0 0x0 0x0
VERBOSE: SPM(0): 0x84000069 0x0 0x0 0x0 0x0 0x0 0x0 0x0
VERBOSE: SPM(0): 0x84000069 0x0 0x0 0x0 0x0 0x0 0x0 0x0
VERBOSE: SPM(0): 0x84000069 0x0 0x0 0x0 0x0 0x0 0x0 0x0
VERBOSE: SPM(0): 0x84000069 0x0 0x0 0x0 0x0 0x0 0x0 0x0
VERBOSE: SPM(0): 0x84000069 0x0 0x0 0x0 0x0 0x0 0x0 0x0
VERBOSE: SPM(0): 0x84000069 0x0 0x0 0x0 0x0 0x0 0x0 0x0
VERBOSE: SPM(0): 0x84000069 0x0 0x0 0x0 0x0 0x0 0x0 0x0
VERBOSE: SPM(0): 0x84000069 0x0 0x0 0x0 0x0 0x0 0x0 0x0
VERBOSE: SPM(0): 0x84000069 0x0 0x0 0x0 0x0 0x0 0x0 0x0
VERBOSE: SPM(0): 0x84000069 0x0 0x0 0x0 0x0 0x0 0x0 0x0
VERBOSE: SPM(0): 0x84000069 0x0 0x0 0x0 0x0 0x0 0x0 0x0
VERBOSE: SPM(0): 0x84000069 0x0 0x0 0x0 0x0 0x0 0x0 0x0
VERBOSE: SPM(0): 0x84000069 0x0 0x0 0x0 0x0 0x0 0x0 0x0
VERBOSE: SPM(0): 0x84000069 0x0 0x0 0x0 0x0 0x0 0x0 0x0
VERBOSE: SPM(0): 0x84000069 0x0 0x0 0x0 0x0 0x0 0x0 0x0
VERBOSE: SPM(0): 0x84000069 0x0 0x0 0x0 0x0 0x0 0x0 0x0
VERBOSE: SPM(0): 0x84000069 0x0 0x0 0x0 0x0 0x0 0x0 0x0
VERBOSE: SPM(0): 0x84000069 0x0 0x0 0x0 0x0 0x0 0x0 0x0
VERBOSE: SPM(0): 0x84000069 0x0 0x0 0x0 0x0 0x0 0x0 0x0
VERBOSE: SPM(0): 0x84000069 0x0 0x0 0x0 0x0 0x0 0x0 0x0
VERBOSE: SPM(0): 0x84000069 0x0 0x0 0x0 0x0 0x0 0x0 0x0
VERBOSE: SPM(0): 0x84000069 0x0 0x0 0x0 0x0 0x0 0x0 0x0
VERBOSE: SPM(0): 0x84000069 0x0 0x0 0x0 0x0 0x0 0x0 0x0
VERBOSE: SPM(0): 0x84000069 0x0 0x0 0x0 0x0 0x0 0x0 0x0
VERBOSE: SPM(0): 0x84000069 0x0 0x0 0x0 0x0 0x0 0x0 0x0
VERBOSE: SPM(0): 0x84000069 0x0 0x0 0x0 0x0 0x0 0x0 0x0
VERBOSE: SPM(0): 0x84000069 0x0 0x0 0x0 0x0 0x0 0x0 0x0
VERBOSE: SPM(0): 0x84000069 0x0 0x0 0x0 0x0 0x0 0x0 0x0
VERBOSE: SPM(0): 0x84000069 0x0 0x0 0x0 0x0 0x0 0x0 0x0
VERBOSE: SPM(0): 0x84000069 0x0 0x0 0x0 0x0 0x0 0x0 0x0
VERBOSE: SPM(0): 0x84000069 0x0 0x0 0x0 0x0 0x0 0x0 0x0
VERBOSE: SPM(0): 0x84000069 0x0 0x0 0x0 0x0 0x0 0x0 0x0
VERBOSE: SPM(0): 0x84000069 0x0 0x0 0x0 0x0 0x0 0x0 0x0
VERBOSE: SPM(0): 0x84000069 0x0 0x0 0x0 0x0 0x0 0x0 0x0
VERBOSE: SPM(0): 0x84000069 0x0 0x0 0x0 0x0 0x0 0x0 0x0
VERBOSE: SPM(0): 0x84000069 0x0 0x0 0x0 0x0 0x0 0x0 0x0
VERBOSE: SPM(0): 0x84000069 0x0 0x0 0x0 0x0 0x0 0x0 0x0
VERBOSE: SPM(0): 0x84000069 0x0 0x0 0x0 0x0 0x0 0x0 0x0
VERBOSE: SPM(0): 0x84000069 0x0 0x0 0x0 0x0 0x0 0x0 0x0
VERBOSE: SPM(0): 0x84000069 0x0 0x0 0x0 0x0 0x0 0x0 0x0
VERBOSE: SPM(0): 0x84000069 0x0 0x0 0x0 0x0 0x0 0x0 0x0
VERBOSE: SPM(0): 0x84000069 0x0 0x0 0x0 0x0 0x0 0x0 0x0
VERBOSE: SPM(0): 0x84000069 0x0 0x0 0x0 0x0 0x0 0x0 0x0
VERBOSE: SPM(0): 0x84000069 0x0 0x0 0x0 0x0 0x0 0x0 0x0
VERBOSE: SPM(0): 0x84000069 0x0 0x0 0x0 0x0 0x0 0x0 0x0
VERBOSE: SPM(0): 0x84000069 0x0 0x0 0x0 0x0 0x0 0x0 0x0
VERBOSE: SPM(0): 0x84000069 0x0 0x0 0x0 0x0 0x0 0x0 0x0
VERBOSE: SPM(0): 0x84000069 0x0 0x0 0x0 0x0 0x0 0x0 0x0
VERBOSE: SPM(0): 0x84000069 0x0 0x0 0x0 0x0 0x0 0x0 0x0
VERBOSE: SPM(0): 0x84000069 0x0 0x0 0x0 0x0 0x0 0x0 0x0
VERBOSE: SPM(0): 0x84000069 0x0 0x0 0x0 0x0 0x0 0x0 0x0
VERBOSE: SPM(0): 0x84000069 0x0 0x0 0x0 0x0 0x0 0x0 0x0
VERBOSE: SPM(0): 0x84000069 0x0 0x0 0x0 0x0 0x0 0x0 0x0
VERBOSE: SPM(0): 0x84000069 0x0 0x0 0x0 0x0 0x0 0x0 0x0
VERBOSE: SPM(0): 0x84000069 0x0 0x0 0x0 0x0 0x0 0x0 0x0
VERBOSE: SPM(0): 0x84000069 0x0 0x0 0x0 0x0 0x0 0x0 0x0
VERBOSE: SPM(0): 0x84000069 0x0 0x0 0x0 0x0 0x0 0x0 0x0
VERBOSE: SPM(0): 0x84000069 0x0 0x0 0x0 0x0 0x0 0x0 0x0
VERBOSE: SPM(0): 0x84000069 0x0 0x0 0x0 0x0 0x0 0x0 0x0
VERBOSE: SPM(0): 0x84000069 0x0 0x0 0x0 0x0 0x0 0x0 0x0
VERBOSE: SPM(0): 0x84000069 0x0 0x0 0x0 0x0 0x0 0x0 0x0
VERBOSE: SPM(0): 0x84000069 0x0 0x0 0x0 0x0 0x0 0x0 0x0
VERBOSE: SPM(0): 0x84000069 0x0 0x0 0x0 0x0 0x0 0x0 0x0
VERBOSE: SPM(0): 0x84000069 0x0 0x0 0x0 0x0 0x0 0x0 0x0
VERBOSE: SPM(0): 0x84000069 0x0 0x0 0x0 0x0 0x0 0x0 0x0
VERBOSE: SPM(0): 0x84000069 0x0 0x0 0x0 0x0 0x0 0x0 0x0
VERBOSE: SPM(0): 0x84000069 0x0 0x0 0x0 0x0 0x0 0x0 0x0
VERBOSE: SPM(0): 0x84000069 0x0 0x0 0x0 0x0 0x0 0x0 0x0
VERBOSE: SPM(0): 0x84000069 0x0 0x0 0x0 0x0 0x0 0x0 0x0
VERBOSE: SPM(0): 0x84000069 0x0 0x0 0x0 0x0 0x0 0x0 0x0
VERBOSE: SPM(0): 0x84000069 0x0 0x0 0x0 0x0 0x0 0x0 0x0
VERBOSE: SPM(0): 0x84000069 0x0 0x0 0x0 0x0 0x0 0x0 0x0
VERBOSE: SPM(0): 0x84000069 0x0 0x0 0x0 0x0 0x0 0x0 0x0
VERBOSE: SPM(0): 0x84000069 0x0 0x0 0x0 0x0 0x0 0x0 0x0
VERBOSE: SPM(0): 0x84000069 0x0 0x0 0x0 0x0 0x0 0x0 0x0
VERBOSE: SPM(0): 0x84000069 0x0 0x0 0x0 0x0 0x0 0x0 0x0
VERBOSE: SPM(0): 0x84000069 0x0 0x0 0x0 0x0 0x0 0x0 0x0
VERBOSE: SPM(0): 0x84000069 0x0 0x0 0x0 0x0 0x0 0x0 0x0
VERBOSE: SPM(0): 0x84000069 0x0 0x0 0x0 0x0 0x0 0x0 0x0
VERBOSE: SPM(0): 0x84000069 0x0 0x0 0x0 0x0 0x0 0x0 0x0
VERBOSE: SPM(0): 0x84000069 0x0 0x0 0x0 0x0 0x0 0x0 0x0
VERBOSE: SPM(0): 0x84000069 0x0 0x0 0x0 0x0 0x0 0x0 0x0
VERBOSE: SPM(0): 0x84000069 0x0 0x0 0x0 0x0 0x0 0x0 0x0
VERBOSE: SPM(0): 0x84000069 0x0 0x0 0x0 0x0 0x0 0x0 0x0
VERBOSE: SPM(0): 0x84000069 0x0 0x0 0x0 0x0 0x0 0x0 0x0
VERBOSE: SPM(0): 0x84000069 0x0 0x0 0x0 0x0 0x0 0x0 0x0
VERBOSE: SPM(0): 0x84000069 0x0 0x0 0x0 0x0 0x0 0x0 0x0
VERBOSE: SPM(0): 0x84000069 0x0 0x0 0x0 0x0 0x0 0x0 0x0
VERBOSE: SPM(0): 0x84000069 0x0 0x0 0x0 0x0 0x0 0x0 0x0
VERBOSE: SPM(0): 0x84000069 0x0 0x0 0x0 0x0 0x0 0x0 0x0
VERBOSE: SPM(0): 0x84000069 0x0 0x0 0x0 0x0 0x0 0x0 0x0
VERBOSE: SPM(0): 0x84000069 0x0 0x0 0x0 0x0 0x0 0x0 0x0
VERBOSE: SPM(0): 0x84000069 0x0 0x0 0x0 0x0 0x0 0x0 0x0
VERBOSE: SPM(0): 0x84000069 0x0 0x0 0x0 0x0 0x0 0x0 0x0
VERBOSE: SPM(0): 0x84000069 0x0 0x0 0x0 0x0 0x0 0x0 0x0
VERBOSE: SPM(0): 0x84000069 0x0 0x0 0x0 0x0 0x0 0x0 0x0
VERBOSE: SPM(0): 0x84000069 0x0 0x0 0x0 0x0 0x0 0x0 0x0
VERBOSE: SPM(0): 0x84000069 0x0 0x0 0x0 0x0 0x0 0x0 0x0
VERBOSE: SPM(0): 0x84000069 0x0 0x0 0x0 0x0 0x0 0x0 0x0
VERBOSE: SPM(0): 0x84000069 0x0 0x0 0x0 0x0 0x0 0x0 0x0
VERBOSE: SPM(0): 0x84000069 0x0 0x0 0x0 0x0 0x0 0x0 0x0
VERBOSE: SPM(0): 0x84000069 0x0 0x0 0x0 0x0 0x0 0x0 0x0
VERBOSE: SPM(0): 0x84000069 0x0 0x0 0x0 0x0 0x0 0x0 0x0
VERBOSE: SPM(0): 0x84000069 0x0 0x0 0x0 0x0 0x0 0x0 0x0
VERBOSE: SPM(0): 0x84000069 0x0 0x0 0x0 0x0 0x0 0x0 0x0
VERBOSE: SPM(0): 0x84000069 0x0 0x0 0x0 0x0 0x0 0x0 0x0
VERBOSE: SPM(0): 0x84000069 0x0 0x0 0x0 0x0 0x0 0x0 0x0
VERBOSE: SPM(0): 0x84000069 0x0 0x0 0x0 0x0 0x0 0x0 0x0
VERBOSE: SPM(0): 0x84000069 0x0 0x0 0x0 0x0 0x0 0x0 0x0
VERBOSE: SPM(0): 0x84000069 0x0 0x0 0x0 0x0 0x0 0x0 0x0
VERBOSE: SPM(0): 0x84000069 0x0 0x0 0x0 0x0 0x0 0x0 0x0
VERBOSE: SPM(0): 0x84000069 0x0 0x0 0x0 0x0 0x0 0x0 0x0
VERBOSE: SPM(0): 0x84000069 0x0 0x0 0x0 0x0 0x0 0x0 0x0
VERBOSE: SPM(0): 0x84000069 0x0 0x0 0x0 0x0 0x0 0x0 0x0
VERBOSE: SPM(0): 0x84000069 0x0 0x0 0x0 0x0 0x0 0x0 0x0
VERBOSE: SPM(0): 0x84000069 0x0 0x0 0x0 0x0 0x0 0x0 0x0
VERBOSE: SPM(0): 0x84000069 0x0 0x0 0x0 0x0 0x0 0x0 0x0
VERBOSE: SPM(0): 0x84000069 0x0 0x0 0x0 0x0 0x0 0x0 0x0
VERBOSE: SPM(0): 0x84000069 0x0 0x0 0x0 0x0 0x0 0x0 0x0
VERBOSE: SPM(0): 0x84000069 0x0 0x0 0x0 0x0 0x0 0x0 0x0
VERBOSE: SPM(0): 0x84000069 0x0 0x0 0x0 0x0 0x0 0x0 0x0
VERBOSE: SPM(0): 0x84000069 0x0 0x0 0x0 0x0 0x0 0x0 0x0
VERBOSE: SPM(0): 0x84000069 0x0 0x0 0x0 0x0 0x0 0x0 0x0
VERBOSE: SPM(0): 0x84000069 0x0 0x0 0x0 0x0 0x0 0x0 0x0
VERBOSE: SPM(0): 0x84000069 0x0 0x0 0x0 0x0 0x0 0x0 0x0
VERBOSE: SPM(0): 0x84000069 0x0 0x0 0x0 0x0 0x0 0x0 0x0
VERBOSE: SPM(0): 0x84000069 0x0 0x0 0x0 0x0 0x0 0x0 0x0
VERBOSE: SPM(0): 0x84000069 0x0 0x0 0x0 0x0 0x0 0x0 0x0
VERBOSE: SPM(0): 0x84000069 0x0 0x0 0x0 0x0 0x0 0x0 0x0
VERBOSE: SPM(0): 0x84000069 0x0 0x0 0x0 0x0 0x0 0x0 0x0
VERBOSE: SPM(0): 0x84000069 0x0 0x0 0x0 0x0 0x0 0x0 0x0
VERBOSE: SPM(0): 0x84000069 0x0 0x0 0x0 0x0 0x0 0x0 0x0
VERBOSE: SPM(0): 0x84000069 0x0 0x0 0x0 0x0 0x0 0x0 0x0
VERBOSE: SPM(0): 0x84000069 0x0 0x0 0x0 0x0 0x0 0x0 0x0
VERBOSE: SPM(0): 0x84000069 0x0 0x0 0x0 0x0 0x0 0x0 0x0
VERBOSE: SPM(0): 0x84000069 0x0 0x0 0x0 0x0 0x0 0x0 0x0
VERBOSE: SPM(0): 0x84000069 0x0 0x0 0x0 0x0 0x0 0x0 0x0
VERBOSE: SPM(0): 0x84000069 0x0 0x0 0x0 0x0 0x0 0x0 0x0
VERBOSE: SPM(0): 0x84000069 0x0 0x0 0x0 0x0 0x0 0x0 0x0
VERBOSE: SPM(0): 0x84000069 0x0 0x0 0x0 0x0 0x0 0x0 0x0
VERBOSE: SPM(0): 0x84000069 0x0 0x0 0x0 0x0 0x0 0x0 0x0
VERBOSE: SPM(0): 0x84000069 0x0 0x0 0x0 0x0 0x0 0x0 0x0
VERBOSE: SPM(0): 0x84000069 0x0 0x0 0x0 0x0 0x0 0x0 0x0
VERBOSE: SPM(0): 0x84000069 0x0 0x0 0x0 0x0 0x0 0x0 0x0
VERBOSE: SPM(0): 0x84000069 0x0 0x0 0x0 0x0 0x0 0x0 0x0
VERBOSE: SPM(0): 0x84000069 0x0 0x0 0x0 0x0 0x0 0x0 0x0
VERBOSE: SPM(0): 0x84000069 0x0 0x0 0x0 0x0 0x0 0x0 0x0
VERBOSE: SPM(0): 0x84000069 0x0 0x0 0x0 0x0 0x0 0x0 0x0
VERBOSE: SPM(0): 0x84000069 0x0 0x0 0x0 0x0 0x0 0x0 0x0
VERBOSE: SPM(0): 0x84000069 0x0 0x0 0x0 0x0 0x0 0x0 0x0
VERBOSE: SPM(0): 0x84000069 0x0 0x0 0x0 0x0 0x0 0x0 0x0
VERBOSE: SPM(0): 0x84000069 0x0 0x0 0x0 0x0 0x0 0x0 0x0
VERBOSE: SPM(0): 0x84000069 0x0 0x0 0x0 0x0 0x0 0x0 0x0
VERBOSE: SPM(0): 0x84000069 0x0 0x0 0x0 0x0 0x0 0x0 0x0
VERBOSE: SPM(0): 0x84000069 0x0 0x0 0x0 0x0 0x0 0x0 0x0
VERBOSE: SPM(0): 0x84000069 0x0 0x0 0x0 0x0 0x0 0x0 0x0
VERBOSE: SPM(0): 0x84000069 0x0 0x0 0x0 0x0 0x0 0x0 0x0
VERBOSE: SPM(0): 0x84000069 0x0 0x0 0x0 0x0 0x0 0x0 0x0
VERBOSE: SPM(0): 0x84000069 0x0 0x0 0x0 0x0 0x0 0x0 0x0
VERBOSE: SPM(0): 0x84000069 0x0 0x0 0x0 0x0 0x0 0x0 0x0
VERBOSE: SPM(0): 0x84000069 0x0 0x0 0x0 0x0 0x0 0x0 0x0
VERBOSE: SPM(0): 0x84000069 0x0 0x0 0x0 0x0 0x0 0x0 0x0
VERBOSE: SPM(0): 0x84000069 0x0 0x0 0x0 0x0 0x0 0x0 0x0
VERBOSE: SPM(0): 0x84000069 0x0 0x0 0x0 0x0 0x0 0x0 0x0
VERBOSE: SPM(0): 0x84000069 0x0 0x0 0x0 0x0 0x0 0x0 0x0
VERBOSE: SPM(0): 0x84000069 0x0 0x0 0x0 0x0 0x0 0x0 0x0
VERBOSE: SPM(0): 0x84000069 0x0 0x0 0x0 0x0 0x0 0x0 0x0
VERBOSE: SPM(0): 0x84000069 0x0 0x0 0x0 0x0 0x0 0x0 0x0
VERBOSE: SPM(0): 0x84000069 0x0 0x0 0x0 0x0 0x0 0x0 0x0
VERBOSE: SPM(0): 0x84000069 0x0 0x0 0x0 0x0 0x0 0x0 0x0
VERBOSE: SPM(0): 0x84000069 0x0 0x0 0x0 0x0 0x0 0x0 0x0
VERBOSE: SPM(0): 0x84000069 0x0 0x0 0x0 0x0 0x0 0x0 0x0
VERBOSE: SPM(0): 0x84000069 0x0 0x0 0x0 0x0 0x0 0x0 0x0
VERBOSE: SPM(0): 0x84000069 0x0 0x0 0x0 0x0 0x0 0x0 0x0
VERBOSE: SPM(0): 0x84000069 0x0 0x0 0x0 0x0 0x0 0x0 0x0
VERBOSE: SPM(0): 0x84000069 0x0 0x0 0x0 0x0 0x0 0x0 0x0
VERBOSE: SPM(0): 0x84000069 0x0 0x0 0x0 0x0 0x0 0x0 0x0
VERBOSE: SPM(0): 0x84000069 0x0 0x0 0x0 0x0 0x0 0x0 0x0
VERBOSE: SPM(0): 0x84000069 0x0 0x0 0x0 0x0 0x0 0x0 0x0
VERBOSE: SPM(0): 0x84000069 0x0 0x0 0x0 0x0 0x0 0x0 0x0
VERBOSE: SPM(0): 0x84000069 0x0 0x0 0x0 0x0 0x0 0x0 0x0
VERBOSE: SPM(0): 0x84000069 0x0 0x0 0x0 0x0 0x0 0x0 0x0
VERBOSE: SPM(0): 0x84000069 0x0 0x0 0x0 0x0 0x0 0x0 0x0
VERBOSE: SPM(0): 0x84000069 0x0 0x0 0x0 0x0 0x0 0x0 0x0
VERBOSE: SPM(0): 0x84000069 0x0 0x0 0x0 0x0 0x0 0x0 0x0
VERBOSE: SPM(0): 0x84000069 0x0 0x0 0x0 0x0 0x0 0x0 0x0
VERBOSE: SPM(0): 0x84000069 0x0 0x0 0x0 0x0 0x0 0x0 0x0
VERBOSE: SPM(0): 0x84000069 0x0 0x0 0x0 0x0 0x0 0x0 0x0
VERBOSE: SPM(0): 0x84000069 0x0 0x0 0x0 0x0 0x0 0x0 0x0
VERBOSE: SPM(0): 0x84000069 0x0 0x0 0x0 0x0 0x0 0x0 0x0
VERBOSE: SPM(0): 0x84000069 0x0 0x0 0x0 0x0 0x0 0x0 0x0
VERBOSE: SPM(0): 0x84000069 0x0 0x0 0x0 0x0 0x0 0x0 0x0
VERBOSE: SPM(0): 0x84000069 0x0 0x0 0x0 0x0 0x0 0x0 0x0
VERBOSE: SPM(0): 0x84000069 0x0 0x0 0x0 0x0 0x0 0x0 0x0
VERBOSE: SPM(0): 0x84000069 0x0 0x0 0x0 0x0 0x0 0x0 0x0
VERBOSE: SPM(0): 0x84000069 0x0 0x0 0x0 0x0 0x0 0x0 0x0
VERBOSE: SPM(0): 0x84000069 0x0 0x0 0x0 0x0 0x0 0x0 0x0
VERBOSE: SPM(0): 0x84000069 0x0 0x0 0x0 0x0 0x0 0x0 0x0
VERBOSE: SPM(0): 0x84000069 0x0 0x0 0x0 0x0 0x0 0x0 0x0
VERBOSE: SPM(0): 0x84000069 0x0 0x0 0x0 0x0 0x0 0x0 0x0
VERBOSE: SPM(0): 0x84000069 0x0 0x0 0x0 0x0 0x0 0x0 0x0
VERBOSE: SPM(0): 0x84000069 0x0 0x0 0x0 0x0 0x0 0x0 0x0
VERBOSE: SPM(0): 0x84000069 0x0 0x0 0x0 0x0 0x0 0x0 0x0
VERBOSE: SPM(0): 0x84000069 0x0 0x0 0x0 0x0 0x0 0x0 0x0
VERBOSE: SPM(0): 0x84000069 0x0 0x0 0x0 0x0 0x0 0x0 0x0
VERBOSE: SPM(0): 0x84000069 0x0 0x0 0x0 0x0 0x0 0x0 0x0
VERBOSE: SPM(0): 0x84000069 0x0 0x0 0x0 0x0 0x0 0x0 0x0
VERBOSE: SPM(0): 0x84000069 0x0 0x0 0x0 0x0 0x0 0x0 0x0
VERBOSE: SPM(0): 0x84000069 0x0 0x0 0x0 0x0 0x0 0x0 0x0
VERBOSE: SPM(0): 0x84000069 0x0 0x0 0x0 0x0 0x0 0x0 0x0
VERBOSE: SPM(0): 0x84000069 0x0 0x0 0x0 0x0 0x0 0x0 0x0
VERBOSE: SPM(0): 0x84000069 0x0 0x0 0x0 0x0 0x0 0x0 0x0
VERBOSE: SPM(0): 0x84000069 0x0 0x0 0x0 0x0 0x0 0x0 0x0
VERBOSE: SPM(0): 0x84000069 0x0 0x0 0x0 0x0 0x0 0x0 0x0
VERBOSE: SPM(0): 0x84000069 0x0 0x0 0x0 0x0 0x0 0x0 0x0
VERBOSE: SPM(0): 0x84000069 0x0 0x0 0x0 0x0 0x0 0x0 0x0
VERBOSE: SPM(0): 0x84000069 0x0 0x0 0x0 0x0 0x0 0x0 0x0
VERBOSE: SPM(0): 0x84000069 0x0 0x0 0x0 0x0 0x0 0x0 0x0
VERBOSE: SPM(0): 0x84000069 0x0 0x0 0x0 0x0 0x0 0x0 0x0
VERBOSE: SPM(0): 0x84000069 0x0 0x0 0x0 0x0 0x0 0x0 0x0
VERBOSE: SPM(0): 0x84000069 0x0 0x0 0x0 0x0 0x0 0x0 0x0
VERBOSE: SPM(0): 0x84000069 0x0 0x0 0x0 0x0 0x0 0x0 0x0
VERBOSE: SPM(0): 0xc4000066 0x8811a000 0x8811c000 0x1 0x0 0x0 0x0 0x0
VERBOSE: SPM(0): 0x84000061 0x0 0x0 0x0 0x0 0x0 0x0 0x0
VERBOSE: SPM(0): 0x84000068 0x0 0x0 0x0 0x0 0x0 0x0 0x0
VERBOSE: SPM(0): 0x84000061 0x0 0x4 0x30 0x0 0x0 0x0 0x0
VERBOSE: SPM(0): 0x84000065 0x0 0x0 0x0 0x0 0x0 0x0 0x0
VERBOSE: SPM(0): 0x84000061 0x0 0x0 0x0 0x0 0x0 0x0 0x0
VERBOSE: SPM(0): 0x84000067 0x0 0x0 0x0 0x0 0x0 0x0 0x0
VERBOSE: SPM(0): 0x84000061 0x0 0x0 0x0 0x0 0x0 0x0 0x0
VERBOSE: SPM(0): 0x8400006f 0x8001 0x0 0x1ffee 0x315053 0x8001ff00 0x11000 0x70f
VERBOSE: SPM(0): 0x84000070 0x80010000 0x0 0x0 0x0 0x0 0x0 0x0
VERBOSE: SPM(0): 0x8400006f 0x8001 0x0 0x1ffee 0x1e67b5b4 0xe14f904a 0x13fb1fb8 0xcbdae1da
VERBOSE: SPM(0): 0x84000070 0x80010000 0x0 0x0 0x0 0x0 0x0 0x0
VERBOSE: SPM(0): 0x8400006f 0x8001 0x0 0x2ffee 0x325053 0x8002ff00 0x11000 0x70f
VERBOSE: SPM(0): 0x84000070 0x80010000 0x0 0x0 0x0 0x0 0x0 0x0
VERBOSE: SPM(0): 0x8400006f 0x8001 0x0 0x2ffee 0x92358d1 0xb94723f0 0x64447c82 0xc88f57f5
VERBOSE: SPM(0): 0x84000070 0x80010000 0x0 0x0 0x0 0x0 0x0 0x0
VERBOSE: SPM(0): 0x8400006f 0x8001 0x0 0x3ffee 0x335053 0x8003ff00 0x11000 0x70b
VERBOSE: SPM(0): 0x84000070 0x80010000 0x0 0x0 0x0 0x0 0x0 0x0
VERBOSE: SPM(0): 0x8400006f 0x8001 0x0 0x3ffee 0x735cb579 0xb9448c1d 0xe1619385 0xd2d80a77
VERBOSE: SPM(0): 0x84000070 0x80010000 0x0 0x0 0x0 0x0 0x0 0x0
VERBOSE: SPM(0): 0x8400006f 0x8001 0x0 0x4ffee 0x345053 0x8004ff00 0x11000 0x70b
VERBOSE: SPM(0): 0x84000070 0x80010000 0x0 0x0 0x0 0x0 0x0 0x0
VERBOSE: SPM(0): 0x8400006f 0x8001 0x0 0x4ffee 0x2658cda4 0xcf6713e1 0x49cd10f9 0x31ef6813
VERBOSE: SPM(0): 0x84000070 0x80010000 0x0 0x0 0x0 0x0 0x0 0x0
VERBOSE: SPM(0): 0x8400006f 0x8001 0x0 0x5ffee 0x314d56 0xf00 0x11100 0x70f
VERBOSE: SPM(0): 0x84000070 0x80010000 0x0 0x0 0x0 0x0 0x0 0x0
VERBOSE: SPM(0): 0x8400006f 0x8001 0x0 0x5ffee 0x0 0x0 0x0 0x0
VERBOSE: SPM(0): 0x84000070 0x80010000 0x0 0x0 0x0 0x0 0x0 0x0
VERBOSE: SPM(0): 0x8400006f 0x8002 0x0 0x1ffee 0x315053 0x8001ff00 0x11000 0x70f
VERBOSE: SPM(0): 0x84000070 0x80020000 0x0 0x0 0x0 0x0 0x0 0x0
VERBOSE: SPM(0): 0x8400006f 0x8002 0x0 0x1ffee 0x1e67b5b4 0xe14f904a 0x13fb1fb8 0xcbdae1da
VERBOSE: SPM(0): 0x84000070 0x80020000 0x0 0x0 0x0 0x0 0x0 0x0
VERBOSE: SPM(0): 0x8400006f 0x8002 0x0 0x2ffee 0x325053 0x8002ff00 0x11000 0x70f
VERBOSE: SPM(0): 0x84000070 0x80020000 0x0 0x0 0x0 0x0 0x0 0x0
VERBOSE: SPM(0): 0x8400006f 0x8002 0x0 0x2ffee 0x92358d1 0xb94723f0 0x64447c82 0xc88f57f5
VERBOSE: SPM(0): 0x84000070 0x80020000 0x0 0x0 0x0 0x0 0x0 0x0
VERBOSE: SPM(0): 0x8400006f 0x8002 0x0 0x3ffee 0x335053 0x8003ff00 0x11000 0x70b
VERBOSE: SPM(0): 0x84000070 0x80020000 0x0 0x0 0x0 0x0 0x0 0x0
VERBOSE: SPM(0): 0x8400006f 0x8002 0x0 0x3ffee 0x735cb579 0xb9448c1d 0xe1619385 0xd2d80a77
VERBOSE: SPM(0): 0x84000070 0x80020000 0x0 0x0 0x0 0x0 0x0 0x0
VERBOSE: SPM(0): 0x8400006f 0x8002 0x0 0x4ffee 0x345053 0x8004ff00 0x11000 0x70b
VERBOSE: SPM(0): 0x84000070 0x80020000 0x0 0x0 0x0 0x0 0x0 0x0
VERBOSE: SPM(0): 0x8400006f 0x8002 0x0 0x4ffee 0x2658cda4 0xcf6713e1 0x49cd10f9 0x31ef6813
VERBOSE: SPM(0): 0x84000070 0x80020000 0x0 0x0 0x0 0x0 0x0 0x0
VERBOSE: SPM(0): 0x8400006f 0x8002 0x0 0x5ffee 0x314d56 0xf00 0x11100 0x70f
VERBOSE: SPM(0): 0x84000070 0x80020000 0x0 0x0 0x0 0x0 0x0 0x0
VERBOSE: SPM(0): 0x8400006f 0x8002 0x0 0x5ffee 0x0 0x0 0x0 0x0
VERBOSE: SPM(0): 0x84000070 0x80020000 0x0 0x0 0x0 0x0 0x0 0x0
VERBOSE: SPM(0): 0x8400006f 0x8003 0x0 0x1ffee 0x315053 0x8001ff00 0x11000 0x70f
VERBOSE: SPM(0): 0x84000070 0x80030000 0x0 0x0 0x0 0x0 0x0 0x0
VERBOSE: SPM(0): 0x8400006f 0x8003 0x0 0x1ffee 0x1e67b5b4 0xe14f904a 0x13fb1fb8 0xcbdae1da
VERBOSE: SPM(0): 0x84000070 0x80030000 0x0 0x0 0x0 0x0 0x0 0x0
VERBOSE: SPM(0): 0x8400006f 0x8003 0x0 0x2ffee 0x325053 0x8002ff00 0x11000 0x70f
VERBOSE: SPM(0): 0x84000070 0x80030000 0x0 0x0 0x0 0x0 0x0 0x0
VERBOSE: SPM(0): 0x8400006f 0x8003 0x0 0x2ffee 0x92358d1 0xb94723f0 0x64447c82 0xc88f57f5
VERBOSE: SPM(0): 0x84000070 0x80030000 0x0 0x0 0x0 0x0 0x0 0x0
VERBOSE: SPM(0): 0x8400006f 0x8003 0x0 0x3ffee 0x335053 0x8003ff00 0x11000 0x70b
VERBOSE: SPM(0): 0x84000070 0x80030000 0x0 0x0 0x0 0x0 0x0 0x0
VERBOSE: SPM(0): 0x8400006f 0x8003 0x0 0x3ffee 0x735cb579 0xb9448c1d 0xe1619385 0xd2d80a77
VERBOSE: SPM(0): 0x84000070 0x80030000 0x0 0x0 0x0 0x0 0x0 0x0
VERBOSE: SPM(0): 0x8400006f 0x8003 0x0 0x4ffee 0x345053 0x8004ff00 0x11000 0x70b
VERBOSE: SPM(0): 0x84000070 0x80030000 0x0 0x0 0x0 0x0 0x0 0x0
VERBOSE: SPM(0): 0x8400006f 0x8003 0x0 0x4ffee 0x2658cda4 0xcf6713e1 0x49cd10f9 0x31ef6813
VERBOSE: SPM(0): 0x84000070 0x80030000 0x0 0x0 0x0 0x0 0x0 0x0
VERBOSE: SPM(0): 0x8400006f 0x8003 0x0 0x5ffee 0x314d56 0xf00 0x11100 0x70f
VERBOSE: SPM(0): 0x84000070 0x80030000 0x0 0x0 0x0 0x0 0x0 0x0
VERBOSE: SPM(0): 0x8400006f 0x8003 0x0 0x5ffee 0x0 0x0 0x0 0x0
VERBOSE: SPM(0): 0x84000070 0x80030000 0x0 0x0 0x0 0x0 0x0 0x0
VERBOSE: SPM(0): 0x8400006f 0x8004 0x0 0x1ffee 0x315053 0x8001ff00 0x11000 0x70f
VERBOSE: SPM(0): 0x84000070 0x80040000 0x0 0x0 0x0 0x0 0x0 0x0
VERBOSE: SPM(0): 0x8400006f 0x8004 0x0 0x1ffee 0x1e67b5b4 0xe14f904a 0x13fb1fb8 0xcbdae1da
VERBOSE: SPM(0): 0x84000070 0x80040000 0x0 0x0 0x0 0x0 0x0 0x0
VERBOSE: SPM(0): 0x8400006f 0x8004 0x0 0x2ffee 0x325053 0x8002ff00 0x11000 0x70f
VERBOSE: SPM(0): 0x84000070 0x80040000 0x0 0x0 0x0 0x0 0x0 0x0
VERBOSE: SPM(0): 0x8400006f 0x8004 0x0 0x2ffee 0x92358d1 0xb94723f0 0x64447c82 0xc88f57f5
VERBOSE: SPM(0): 0x84000070 0x80040000 0x0 0x0 0x0 0x0 0x0 0x0
VERBOSE: SPM(0): 0x8400006f 0x8004 0x0 0x3ffee 0x335053 0x8003ff00 0x11000 0x70b
VERBOSE: SPM(0): 0x84000070 0x80040000 0x0 0x0 0x0 0x0 0x0 0x0
VERBOSE: SPM(0): 0x8400006f 0x8004 0x0 0x3ffee 0x735cb579 0xb9448c1d 0xe1619385 0xd2d80a77
VERBOSE: SPM(0): 0x84000070 0x80040000 0x0 0x0 0x0 0x0 0x0 0x0
VERBOSE: SPM(0): 0x8400006f 0x8004 0x0 0x4ffee 0x345053 0x8004ff00 0x11000 0x70b
VERBOSE: SPM(0): 0x84000070 0x80040000 0x0 0x0 0x0 0x0 0x0 0x0
VERBOSE: SPM(0): 0x8400006f 0x8004 0x0 0x4ffee 0x2658cda4 0xcf6713e1 0x49cd10f9 0x31ef6813
VERBOSE: SPM(0): 0x84000070 0x80040000 0x0 0x0 0x0 0x0 0x0 0x0
VERBOSE: SPM(0): 0x8400006f 0x8004 0x0 0x5ffee 0x314d56 0xf00 0x11100 0x70f
VERBOSE: SPM(0): 0x84000070 0x80040000 0x0 0x0 0x0 0x0 0x0 0x0
VERBOSE: SPM(0): 0x8400006f 0x8004 0x0 0x5ffee 0x0 0x0 0x0 0x0
VERBOSE: SPM(0): 0x84000070 0x80040000 0x0 0x0 0x0 0x0 0x0 0x0
VERBOSE: SPM(0): 0x84000064 0x84000060 0x0 0x0 0x0 0x0 0x0 0x0
VERBOSE: SPM(0): 0x84000061 0x0 0x0 0x0 0x0 0x0 0x0 0x0
VERBOSE: SPM(0): 0x84000064 0x84000061 0x0 0x0 0x0 0x0 0x0 0x0
VERBOSE: SPM(0): 0x84000061 0x0 0x0 0x0 0x0 0x0 0x0 0x0
VERBOSE: SPM(0): 0x84000064 0xc4000061 0x0 0x0 0x0 0x0 0x0 0x0
VERBOSE: SPM(0): 0x84000061 0x0 0x0 0x0 0x0 0x0 0x0 0x0
VERBOSE: SPM(0): 0x84000064 0x84000062 0x0 0x0 0x0 0x0 0x0 0x0
VERBOSE: SPM(0): 0x84000061 0x0 0x0 0x0 0x0 0x0 0x0 0x0
VERBOSE: SPM(0): 0x84000064 0x84000063 0x0 0x0 0x0 0x0 0x0 0x0
VERBOSE: SPM(0): 0x84000061 0x0 0x0 0x0 0x0 0x0 0x0 0x0
VERBOSE: SPM(0): 0x84000064 0x84000064 0x0 0x0 0x0 0x0 0x0 0x0
VERBOSE: SPM(0): 0x84000061 0x0 0x0 0x0 0x0 0x0 0x0 0x0
VERBOSE: SPM(0): 0x84000064 0x84000065 0x0 0x0 0x0 0x0 0x0 0x0
VERBOSE: SPM(0): 0x84000061 0x0 0x0 0x0 0x0 0x0 0x0 0x0
VERBOSE: SPM(0): 0x84000064 0x84000067 0x0 0x0 0x0 0x0 0x0 0x0
VERBOSE: SPM(0): 0x84000061 0x0 0x0 0x0 0x0 0x0 0x0 0x0
VERBOSE: SPM(0): 0x84000064 0x84000068 0x0 0x0 0x0 0x0 0x0 0x0
VERBOSE: SPM(0): 0x84000061 0x0 0x0 0x0 0x0 0x0 0x0 0x0
VERBOSE: SPM(0): 0x84000064 0x84000069 0x0 0x0 0x0 0x0 0x0 0x0
VERBOSE: SPM(0): 0x84000061 0x0 0x0 0x0 0x0 0x0 0x0 0x0
VERBOSE: SPM(0): 0x84000064 0x8400006b 0x0 0x0 0x0 0x0 0x0 0x0
VERBOSE: SPM(0): 0x84000061 0x0 0x0 0x0 0x0 0x0 0x0 0x0
VERBOSE: SPM(0): 0x84000064 0x8400006d 0x0 0x0 0x0 0x0 0x0 0x0
VERBOSE: SPM(0): 0x84000061 0x0 0x0 0x0 0x0 0x0 0x0 0x0
VERBOSE: SPM(0): 0x84000064 0x84000066 0x0 0x0 0x0 0x0 0x0 0x0
VERBOSE: SPM(0): 0x84000060 0x0 0xffffffff 0x0 0x0 0x0 0x0 0x0
VERBOSE: SPM(0): 0x84000064 0xc4000066 0x0 0x0 0x0 0x0 0x0 0x0
VERBOSE: SPM(0): 0x84000061 0x0 0x40000 0x0 0x0 0x0 0x0 0x0
VERBOSE: SPM(0): 0x84000064 0xc4000073 0x0 0x0 0x0 0x0 0x0 0x0
VERBOSE: SPM(0): 0x84000061 0x0 0x0 0x0 0x0 0x0 0x0 0x0
VERBOSE: SPM(0): 0x84000064 0x84000073 0x0 0x0 0x0 0x0 0x0 0x0
VERBOSE: SPM(0): 0x84000061 0x0 0x0 0x0 0x0 0x0 0x0 0x0
VERBOSE: SPM(0): 0x84000064 0xc4000072 0x0 0x0 0x0 0x0 0x0 0x0
VERBOSE: SPM(0): 0x84000061 0x0 0x0 0x0 0x0 0x0 0x0 0x0
VERBOSE: SPM(0): 0x84000064 0x84000072 0x0 0x0 0x0 0x0 0x0 0x0
VERBOSE: SPM(0): 0x84000061 0x0 0x0 0x0 0x0 0x0 0x0 0x0
VERBOSE: SPM(0): 0x84000064 0xc4000071 0x0 0x0 0x0 0x0 0x0 0x0
VERBOSE: SPM(0): 0x84000061 0x0 0x0 0x0 0x0 0x0 0x0 0x0
VERBOSE: SPM(0): 0x84000064 0x84000071 0x0 0x0 0x0 0x0 0x0 0x0
VERBOSE: SPM(0): 0x84000061 0x0 0x0 0x0 0x0 0x0 0x0 0x0
VERBOSE: SPM(0): 0x84000064 0xc4000074 0x2 0x0 0x0 0x0 0x0 0x0
VERBOSE: SPM(0): 0x84000061 0x0 0x6 0x0 0x0 0x0 0x0 0x0
VERBOSE: SPM(0): 0x84000064 0x84000074 0x2 0x0 0x0 0x0 0x0 0x0
VERBOSE: SPM(0): 0x84000061 0x0 0x6 0x0 0x0 0x0 0x0 0x0
VERBOSE: SPM(0): 0x84000064 0x84000075 0x0 0x0 0x0 0x0 0x0 0x0
VERBOSE: SPM(0): 0x84000061 0x0 0x0 0x0 0x0 0x0 0x0 0x0
VERBOSE: SPM(0): 0x84000064 0x84000076 0x0 0x0 0x0 0x0 0x0 0x0
VERBOSE: SPM(0): 0x84000061 0x0 0x0 0x0 0x0 0x0 0x0 0x0
VERBOSE: SPM(0): 0x84000064 0x84000077 0x0 0x0 0x0 0x0 0x0 0x0
VERBOSE: SPM(0): 0x84000061 0x0 0x0 0x0 0x0 0x0 0x0 0x0
VERBOSE: SPM(0): 0x84000064 0x84000086 0x0 0x0 0x0 0x0 0x0 0x0
VERBOSE: SPM(0): 0x84000061 0x0 0x0 0x0 0x0 0x0 0x0 0x0
VERBOSE: SPM(0): 0x84000064 0x8400006c 0x0 0x0 0x0 0x0 0x0 0x0
VERBOSE: SPM(0): 0x84000060 0x0 0xffffffff 0x0 0x0 0x0 0x0 0x0
VERBOSE: SPM(0): 0x84000064 0xc400006f 0x0 0x0 0x0 0x0 0x0 0x0
VERBOSE: SPM(0): 0x84000061 0x0 0x0 0x0 0x0 0x0 0x0 0x0
VERBOSE: SPM(0): 0x84000064 0xc4000070 0x0 0x0 0x0 0x0 0x0 0x0
VERBOSE: SPM(0): 0x84000061 0x0 0x0 0x0 0x0 0x0 0x0 0x0
VERBOSE: SPM(0): 0x84000064 0x8400006f 0x0 0x0 0x0 0x0 0x0 0x0
VERBOSE: SPM(0): 0x84000061 0x0 0x0 0x0 0x0 0x0 0x0 0x0
VERBOSE: SPM(0): 0x84000064 0x84000070 0x0 0x0 0x0 0x0 0x0 0x0
VERBOSE: SPM(0): 0x84000061 0x0 0x0 0x0 0x0 0x0 0x0 0x0
VERBOSE: SPM(0): 0x84000064 0xc400008d 0x0 0x0 0x0 0x0 0x0 0x0
VERBOSE: SPM(0): 0x84000061 0x0 0x0 0x0 0x0 0x0 0x0 0x0
VERBOSE: SPM(0): 0x84000064 0xc400008e 0x0 0x0 0x0 0x0 0x0 0x0
VERBOSE: SPM(0): 0x84000061 0x0 0x0 0x0 0x0 0x0 0x0 0x0
VERBOSE: SPM(0): 0x84000064 0xc400008b 0x0 0x0 0x0 0x0 0x0 0x0
VERBOSE: SPM(0): 0x84000061 0x0 0x0 0x0 0x0 0x0 0x0 0x0
VERBOSE: SPM(0): 0x84000064 0x84000085 0x0 0x0 0x0 0x0 0x0 0x0
VERBOSE: SPM(0): 0x84000061 0x0 0x0 0x0 0x0 0x0 0x0 0x0
VERBOSE: SPM(0): 0x84000064 0x8400007f 0x0 0x0 0x0 0x0 0x0 0x0
VERBOSE: SPM(0): 0x84000061 0x0 0x0 0x0 0x0 0x0 0x0 0x0
VERBOSE: SPM(0): 0x84000064 0x84000080 0x0 0x0 0x0 0x0 0x0 0x0
VERBOSE: SPM(0): 0x84000061 0x0 0x0 0x0 0x0 0x0 0x0 0x0
VERBOSE: SPM(0): 0x84000064 0x84000081 0x0 0x0 0x0 0x0 0x0 0x0
VERBOSE: SPM(0): 0x84000061 0x0 0x0 0x0 0x0 0x0 0x0 0x0
VERBOSE: SPM(0): 0x84000064 0x84000082 0x0 0x0 0x0 0x0 0x0 0x0
VERBOSE: SPM(0): 0x84000061 0x0 0x0 0x0 0x0 0x0 0x0 0x0
VERBOSE: SPM(0): 0x84000064 0x84000083 0x0 0x0 0x0 0x0 0x0 0x0
VERBOSE: SPM(0): 0x84000060 0x0 0xffffffff 0x0 0x0 0x0 0x0 0x0
VERBOSE: SPM(0): 0x84000064 0xc4000083 0x0 0x0 0x0 0x0 0x0 0x0
VERBOSE: SPM(0): 0x84000061 0x0 0x0 0x0 0x0 0x0 0x0 0x0
VERBOSE: SPM(0): 0x84000064 0x8400007d 0x0 0x0 0x0 0x0 0x0 0x0
VERBOSE: SPM(0): 0x84000061 0x0 0x0 0x0 0x0 0x0 0x0 0x0
VERBOSE: SPM(0): 0x84000064 0x8400007e 0x0 0x0 0x0 0x0 0x0 0x0
VERBOSE: SPM(0): 0x84000061 0x0 0x0 0x0 0x0 0x0 0x0 0x0
VERBOSE: SPM(0): 0x84000064 0x8fffffff 0x0 0x0 0x0 0x0 0x0 0x0
VERBOSE: SPM(0): 0x84000060 0x0 0xffffffff 0x0 0x0 0x0 0x0 0x0
VERBOSE: SPM(0): 0x84000064 0x8400007c 0x0 0x0 0x0 0x0 0x0 0x0
VERBOSE: SPM(0): 0x84000060 0x0 0xffffffff 0x0 0x0 0x0 0x0 0x0
VERBOSE: SPM(0): 0x84000064 0x84000084 0x0 0x0 0x0 0x0 0x0 0x0
VERBOSE: SPM(0): 0x84000061 0x0 0x0 0x0 0x0 0x0 0x0 0x0
VERBOSE: SPM(0): 0x84000069 0x0 0x0 0x0 0x0 0x0 0x0 0x0
VERBOSE: SPM(0): 0x8400006f 0x8001 0x0 0x801 0x0 0x0 0x0 0x0
VERBOSE: SPM(0): 0x84000070 0x80010000 0x0 0x0 0x0 0x0 0x0 0x0
VERBOSE: SPM(0): 0x84000069 0x0 0x0 0x0 0x0 0x0 0x0 0x0
VERBOSE: SPM(0): 0x8400006f 0x8002 0x0 0x1001 0x0 0x0 0x0 0x0
VERBOSE: SPM(0): 0x84000070 0x80020000 0x0 0x0 0x0 0x0 0x0 0x0
VERBOSE: SPM(0): 0x84000069 0x0 0x0 0x0 0x0 0x0 0x0 0x0
VERBOSE: SPM(0): 0x8400006f 0x8003 0x0 0x1801 0x0 0x0 0x0 0x0
VERBOSE: SPM(0): 0x84000070 0x80030000 0x0 0x0 0x0 0x0 0x0 0x0
VERBOSE: SPM(0): 0x84000069 0x0 0x0 0x0 0x0 0x0 0x0 0x0
VERBOSE: SPM(0): 0x8400006f 0x8004 0x0 0x2001 0x0 0x0 0x0 0x0
VERBOSE: SPM(0): 0x84000070 0x80040000 0x0 0x0 0x0 0x0 0x0 0x0
VERBOSE: SPM(0): 0x84000063 0x10002 0x0 0x0 0x0 0x0 0x0 0x0
VERBOSE: SPM(0): 0x84000070 0x8000ffff 0x80000009 0x10003 0x0 0x0 0x0 0x0
VERBOSE: SPM(0): 0x84000069 0x0 0x0 0x0 0x0 0x0 0x0 0x0
VERBOSE: SPM(0): 0x8400006f 0x8001 0x0 0x802 0x0 0x0 0x0 0x0
VERBOSE: SPM(0): 0x84000070 0x80010000 0x0 0x0 0x0 0x0 0x0 0x0
VERBOSE: SPM(0): 0x84000069 0x0 0x0 0x0 0x0 0x0 0x0 0x0
VERBOSE: SPM(0): 0x8400006f 0x8002 0x0 0x1002 0x0 0x0 0x0 0x0
VERBOSE: SPM(0): 0x84000070 0x80020000 0x0 0x0 0x0 0x0 0x0 0x0
VERBOSE: SPM(0): 0x84000069 0x0 0x0 0x0 0x0 0x0 0x0 0x0
VERBOSE: SPM(0): 0x8400006f 0x8003 0x0 0x1802 0x0 0x0 0x0 0x0
VERBOSE: SPM(0): 0x84000070 0x80030000 0x0 0x0 0x0 0x0 0x0 0x0
VERBOSE: SPM(0): 0x84000069 0x0 0x0 0x0 0x0 0x0 0x0 0x0
VERBOSE: SPM(0): 0x8400006f 0x8004 0x0 0x2002 0x0 0x0 0x0 0x0
VERBOSE: SPM(0): 0x84000070 0x80040000 0x0 0x0 0x0 0x0 0x0 0x0
VERBOSE: SPM(0): 0x84000069 0x0 0x0 0x0 0x0 0x0 0x0 0x0
VERBOSE: SPM(0): 0x84000069 0x0 0x0 0x0 0x0 0x0 0x0 0x0
VERBOSE: SPM(0): 0x8400006f 0x8001 0x0 0x803 0x0 0x0 0x0 0x0
VERBOSE: SPM(0): 0x84000070 0x80010000 0x0 0x0 0x0 0x0 0x0 0x0
VERBOSE: SPM(0): 0xc4000066 0x8811a000 0x8811c000 0x1 0x0 0x0 0x0 0x0
VERBOSE: SPM(0): 0x84000061 0x0 0x0 0x0 0x0 0x0 0x0 0x0
VERBOSE: SPM(0): 0x84000068 0x1e67b5b4 0xe14f904a 0x13fb1fb8 0xcbdae1da 0x0 0x0 0x0
VERBOSE: SPM(0): 0x84000061 0x0 0x1 0x30 0x0 0x0 0x0 0x0
VERBOSE: SPM(0): 0x84000065 0x0 0x0 0x0 0x0 0x0 0x0 0x0
VERBOSE: SPM(0): 0x84000061 0x0 0x0 0x0 0x0 0x0 0x0 0x0
VERBOSE: SPM(0): 0x84000068 0x92358d1 0xb94723f0 0x64447c82 0xc88f57f5 0x0 0x0 0x0
VERBOSE: SPM(0): 0x84000061 0x0 0x1 0x30 0x0 0x0 0x0 0x0
VERBOSE: SPM(0): 0x84000065 0x0 0x0 0x0 0x0 0x0 0x0 0x0
VERBOSE: SPM(0): 0x84000061 0x0 0x0 0x0 0x0 0x0 0x0 0x0
VERBOSE: SPM(0): 0x84000068 0x735cb579 0xb9448c1d 0xe1619385 0xd2d80a77 0x0 0x0 0x0
VERBOSE: SPM(0): 0x84000061 0x0 0x1 0x30 0x0 0x0 0x0 0x0
VERBOSE: SPM(0): 0x84000065 0x0 0x0 0x0 0x0 0x0 0x0 0x0
VERBOSE: SPM(0): 0x84000061 0x0 0x0 0x0 0x0 0x0 0x0 0x0
VERBOSE: SPM(0): 0x84000068 0x0 0x0 0x0 0x0 0x0 0x0 0x0
VERBOSE: SPM(0): 0x84000061 0x0 0x4 0x30 0x0 0x0 0x0 0x0
VERBOSE: SPM(0): 0x84000065 0x0 0x0 0x0 0x0 0x0 0x0 0x0
VERBOSE: SPM(0): 0x84000061 0x0 0x0 0x0 0x0 0x0 0x0 0x0
VERBOSE: SPM(0): 0x84000068 0x0 0x0 0x0 0x0 0x1 0x0 0x0
VERBOSE: SPM(0): 0x84000061 0x0 0x4 0x0 0x0 0x0 0x0 0x0
VERBOSE: SPM(0): 0x84000068 0x1 0x0 0x0 0x0 0x0 0x0 0x0
VERBOSE: SPM(0): 0x84000060 0x0 0xfffffffe 0x0 0x0 0x0 0x0 0x0
VERBOSE: SPM(0): 0x84000068 0x0 0x0 0x0 0x0 0x0 0x0 0x0
VERBOSE: SPM(0): 0x84000061 0x0 0x4 0x30 0x0 0x0 0x0 0x0
VERBOSE: SPM(0): 0x84000068 0x0 0x0 0x0 0x0 0x0 0x0 0x0
VERBOSE: SPM(0): 0x84000060 0x0 0xfffffffc 0x0 0x0 0x0 0x0 0x0
VERBOSE: SPM(0): 0x84000065 0x0 0x0 0x0 0x0 0x0 0x0 0x0
VERBOSE: SPM(0): 0x84000061 0x0 0x0 0x0 0x0 0x0 0x0 0x0
VERBOSE: SPM(0): 0x84000067 0x0 0x0 0x0 0x0 0x0 0x0 0x0
VERBOSE: SPM(0): 0x84000061 0x0 0x0 0x0 0x0 0x0 0x0 0x0
VERBOSE: SPM(0): 0x84000069 0x0 0x0 0x0 0x0 0x0 0x0 0x0
VERBOSE: SPM(0): 0x8400006f 0x8001 0x0 0x804 0x0 0x0 0x0 0x0
VERBOSE: SPM(0): 0x84000070 0x80010000 0x0 0x0 0x0 0x0 0x0 0x0
VERBOSE: SPM(0): 0x84000065 0x0 0x0 0x0 0x0 0x0 0x0 0x0
VERBOSE: SPM(0): 0x84000060 0x0 0xfffffffa 0x0 0x0 0x0 0x0 0x0
VERBOSE: SPM(0): 0x84000069 0x0 0x0 0x0 0x0 0x0 0x0 0x0
VERBOSE: SPM(0): 0x8400006f 0x8001 0x0 0x805 0x0 0x0 0x0 0x0
VERBOSE: SPM(0): 0x84000070 0x80010000 0x0 0x0 0x0 0x0 0x0 0x0
VERBOSE: SPM(0): 0xc4000066 0x8811a100 0x8811c000 0x1 0x0 0x0 0x0 0x0
VERBOSE: SPM(0): 0x84000060 0x0 0xfffffffe 0x0 0x0 0x0 0x0 0x0
VERBOSE: SPM(0): 0xc4000066 0x8811a000 0x8811c100 0x1 0x0 0x0 0x0 0x0
VERBOSE: SPM(0): 0x84000060 0x0 0xfffffffe 0x0 0x0 0x0 0x0 0x0
VERBOSE: SPM(0): 0x84000064 0xc4000066 0x0 0x0 0x0 0x0 0x0 0x0
VERBOSE: SPM(0): 0x84000061 0x0 0x40000 0x0 0x0 0x0 0x0 0x0
VERBOSE: SPM(0): 0xc4000066 0x8811a000 0x8811c000 0x0 0x0 0x0 0x0 0x0
VERBOSE: SPM(0): 0x84000060 0x0 0xfffffffe 0x0 0x0 0x0 0x0 0x0
VERBOSE: SPM(0): 0xc4000066 0x8811a000 0x8811c000 0x1 0x0 0x0 0x0 0x0
VERBOSE: SPM(0): 0x84000061 0x0 0x0 0x0 0x0 0x0 0x0 0x0
VERBOSE: SPM(0): 0xc4000066 0x8811a000 0x8811c000 0x1 0x0 0x0 0x0 0x0
VERBOSE: SPM(0): 0x84000060 0x0 0xfffffffa 0x0 0x0 0x0 0x0 0x0
VERBOSE: SPM(0): 0x84000069 0x0 0x0 0x0 0x0 0x0 0x0 0x0
VERBOSE: SPM(0): 0x84000067 0x0 0x0 0x0 0x0 0x0 0x0 0x0
VERBOSE: SPM(0): 0x84000061 0x0 0x0 0x0 0x0 0x0 0x0 0x0
VERBOSE: SPM(0): 0x84000069 0x0 0x0 0x0 0x0 0x0 0x0 0x0
VERBOSE: SPM(0): 0x84000067 0x0 0x0 0x0 0x0 0x0 0x0 0x0
VERBOSE: SPM(0): 0x84000060 0x0 0xfffffffe 0x0 0x0 0x0 0x0 0x0
VERBOSE: SPM(0): 0x84000069 0x0 0x0 0x0 0x0 0x0 0x0 0x0
VERBOSE: SPM(0): 0x8400006f 0x8001 0x0 0x806 0x0 0x0 0x0 0x0
VERBOSE: SPM(0): 0x84000070 0x80010000 0x0 0x0 0x0 0x0 0x0 0x0
VERBOSE: SPM(0): 0x84000069 0x0 0x0 0x0 0x0 0x0 0x0 0x0
VERBOSE: SPM(0): 0x8400006f 0x8001 0x0 0x10807 0x0 0x0 0x0 0x0
VERBOSE: SPM(0): 0x84000070 0x80010000 0x0 0x0 0x0 0x0 0x0 0x0
VERBOSE: SPM(0): 0x8400006f 0x8001 0x0 0x8a808 0x0 0x0 0x0 0x0
VERBOSE: SPM(0): 0x84000070 0x80010000 0x0 0x0 0x0 0x0 0x0 0x0
VERBOSE: SPM(0): 0x8400006f 0x8001 0x0 0x11255344 0x88776655 0x88776655ffeeddcc 0xccbbaa99bbaa9988 0xbbaa9988ccbbaa99
VERBOSE: SPM(0): 0x84000070 0x80010000 0x0 0x11255344 0x88996655 0xff44ddcc 0xbb669988 0xcc00aa99
VERBOSE: SPM(0): 0x8400006f 0x80010000 0x0 0x0 0x0 0x0 0x0 0x0
VERBOSE: SPM(0): 0x8400006f 0x0 0x0 0x0 0x0 0x0 0x0 0x0
VERBOSE: SPM(0): 0x84000060 0x0 0xfffffffe 0x0 0x0 0x0 0x0 0x0
VERBOSE: SPM(0): 0x84000070 0x8001 0x0 0x0 0x0 0x0 0x0 0x0
VERBOSE: SPM(0): 0x84000060 0x0 0xfffffffe 0x0 0x0 0x0 0x0 0x0
VERBOSE: SPM(0): 0x8400006f 0x8001 0x0 0x8a808 0x0 0x0 0x0 0x0
VERBOSE: SPM(0): 0x84000070 0x80010000 0x0 0x0 0x0 0x0 0x0 0x0
VERBOSE: SPM(0): 0x84000069 0x0 0x0 0x0 0x0 0x0 0x0 0x0
VERBOSE: SPM(0): 0x8400006f 0x8001 0x0 0x10808 0x0 0x0 0x0 0x0
VERBOSE: SPM(0): 0x84000070 0x80010000 0x0 0x0 0x0 0x0 0x0 0x0
VERBOSE: SPM(0): 0x8400006f 0x8001 0x0 0x8a809 0x0 0x0 0x0 0x0
VERBOSE: SPM(0): 0x84000070 0x80010000 0x0 0x0 0x0 0x0 0x0 0x0
VERBOSE: SPM(0): 0xc400006f 0x8001 0x0 0x1122334411223344 0x8877665588776655 0xffeeddccffeeddcc 0xbbaa9988bbaa9988 0xccbbaa99ccbbaa99
VERBOSE: SPM(0): 0xc4000070 0x80010000 0x0 0x1125534411255344 0x8899665588996655 0xff44ddccff44ddcc 0xbb669988bb669988 0xcc00aa99cc00aa99
VERBOSE: SPM(0): 0xc400006f 0x80010000 0x0 0x0 0x0 0x0 0x0 0x0
VERBOSE: SPM(0): 0xc400006f 0x0 0x0 0x0 0x0 0x0 0x0 0x0
VERBOSE: SPM(0): 0x84000060 0x0 0xfffffffe 0x0 0x0 0x0 0x0 0x0
VERBOSE: SPM(0): 0x8400006f 0x8001 0x0 0x8a809 0x0 0x0 0x0 0x0
VERBOSE: SPM(0): 0x84000070 0x80010000 0x0 0x0 0x0 0x0 0x0 0x0
VERBOSE: SPM(0): 0x84000069 0x0 0x0 0x0 0x0 0x0 0x0 0x0
VERBOSE: SPM(0): 0x8400006f 0x8001 0x0 0x10809 0x0 0x0 0x0 0x0
VERBOSE: SPM(0): 0x84000070 0x80010000 0x0 0x0 0x0 0x0 0x0 0x0
VERBOSE: SPM(0): 0xc4000066 0x8811a000 0x8811c000 0x1 0x0 0x0 0x0 0x0
VERBOSE: SPM(0): 0x84000061 0x0 0x0 0x0 0x0 0x0 0x0 0x0
VERBOSE: SPM(0): 0x84000068 0x0 0x0 0x0 0x0 0x0 0x0 0x0
VERBOSE: SPM(0): 0x84000061 0x0 0x4 0x30 0x0 0x0 0x0 0x0
VERBOSE: SPM(0): 0x84000069 0x0 0x0 0x0 0x0 0x0 0x0 0x0
VERBOSE: SPM(0): 0x84000069 0x0 0x0 0x0 0x0 0x0 0x0 0x0
VERBOSE: SPM(0): 0x84000069 0x0 0x0 0x0 0x0 0x0 0x0 0x0
VERBOSE: SPM(0): 0x84000069 0x0 0x0 0x0 0x0 0x0 0x0 0x0
VERBOSE: SPM(0): 0x84000065 0x0 0x0 0x0 0x0 0x0 0x0 0x0
VERBOSE: SPM(0): 0x84000061 0x0 0x0 0x0 0x0 0x0 0x0 0x0
VERBOSE: SPM(0): 0x84000067 0x0 0x0 0x0 0x0 0x0 0x0 0x0
VERBOSE: SPM(0): 0x84000061 0x0 0x0 0x0 0x0 0x0 0x0 0x0
VERBOSE: SPM(0): 0x84000069 0x0 0x0 0x0 0x0 0x0 0x0 0x0
VERBOSE: SPM(0): 0x8400006f 0x8001 0x0 0x80a 0x0 0x0 0x0 0x0
VERBOSE: SPM(0): 0x84000070 0x80010000 0x0 0x67 0x0 0x0 0x0 0x0
VERBOSE: SPM(0): 0xc4000066 0x8811a000 0x8811c000 0x1 0x0 0x0 0x0 0x0
VERBOSE: SPM(0): 0x84000061 0x0 0x0 0x0 0x0 0x0 0x0 0x0
VERBOSE: SPM(0): 0x84000068 0x0 0x0 0x0 0x0 0x0 0x0 0x0
VERBOSE: SPM(0): 0x84000061 0x0 0x4 0x30 0x0 0x0 0x0 0x0
VERBOSE: SPM(0): 0x84000069 0x0 0x0 0x0 0x0 0x0 0x0 0x0
VERBOSE: SPM(0): 0x84000069 0x0 0x0 0x0 0x0 0x0 0x0 0x0
VERBOSE: SPM(0): 0x84000069 0x0 0x0 0x0 0x0 0x0 0x0 0x0
VERBOSE: SPM(0): 0x84000069 0x0 0x0 0x0 0x0 0x0 0x0 0x0
VERBOSE: SPM(0): 0x84000065 0x0 0x0 0x0 0x0 0x0 0x0 0x0
VERBOSE: SPM(0): 0x84000061 0x0 0x0 0x0 0x0 0x0 0x0 0x0
VERBOSE: SPM(0): 0x84000067 0x0 0x0 0x0 0x0 0x0 0x0 0x0
VERBOSE: SPM(0): 0x84000061 0x0 0x0 0x0 0x0 0x0 0x0 0x0
VERBOSE: SPM(0): 0xc4000066 0x8811a000 0x8811c000 0x1 0x0 0x0 0x0 0x0
VERBOSE: SPM(0): 0x84000061 0x0 0x0 0x0 0x0 0x0 0x0 0x0
VERBOSE: SPM(0): 0x8400006f 0x8001 0x0 0x8a80c 0xc4000073 0x0 0x0 0x0
VERBOSE: SPM(0): 0x84000070 0x80010000 0x0 0x0 0x0 0x0 0x0 0x0
VERBOSE: SPM(0): 0xc4000073 0x70 0x70 0x0 0x0 0x0 0x0 0x0
VERBOSE: SPM(0): 0x84000061 0x0 0x0 0x0 0x0 0x0 0x0 0x0
VERBOSE: SPM(0): 0xc400006f 0x8001 0x0 0x0 0x0 0x0 0x0 0x0
VERBOSE: SPM(0): 0xc4000070 0x80010000 0x0 0x0 0x0 0x0 0x0 0x0
VERBOSE: SPM(0): 0xc400006f 0x8001 0x0 0x0 0x0 0x0 0x0 0x0
VERBOSE: SPM(0): 0xc4000070 0x80010000 0x0 0x0 0x0 0x0 0x0 0x0
VERBOSE: SPM(0): 0x84000077 0x0 0x0 0x0 0x0 0x0 0x0 0x0
VERBOSE: SPM(0): 0x84000061 0x0 0x0 0x0 0x0 0x0 0x0 0x0
VERBOSE: SPM(0): 0x84000067 0x0 0x0 0x0 0x0 0x0 0x0 0x0
VERBOSE: SPM(0): 0x84000061 0x0 0x0 0x0 0x0 0x0 0x0 0x0
VERBOSE: SPM(0): 0x8400006f 0x8001 0x0 0x8a80c 0x0 0x0 0x0 0x0
VERBOSE: SPM(0): 0x84000070 0x80010000 0x0 0x0 0x0 0x0 0x0 0x0
VERBOSE: SPM(0): 0xc4000066 0x8811a000 0x8811c000 0x1 0x0 0x0 0x0 0x0
VERBOSE: SPM(0): 0x84000061 0x0 0x0 0x0 0x0 0x0 0x0 0x0
VERBOSE: SPM(0): 0x8400006f 0x8001 0x0 0x8a80c 0x84000073 0x0 0x0 0x0
VERBOSE: SPM(0): 0x84000070 0x80010000 0x0 0x0 0x0 0x0 0x0 0x0
VERBOSE: SPM(0): 0x84000073 0x70 0x70 0x0 0x0 0x0 0x0 0x0
VERBOSE: SPM(0): 0x84000061 0x0 0x0 0x0 0x0 0x0 0x0 0x0
VERBOSE: SPM(0): 0xc400006f 0x8001 0x0 0x0 0x0 0x0 0x0 0x0
VERBOSE: SPM(0): 0xc4000070 0x80010000 0x0 0x0 0x0 0x0 0x0 0x0
VERBOSE: SPM(0): 0xc400006f 0x8001 0x0 0x0 0x0 0x0 0x0 0x0
VERBOSE: SPM(0): 0xc4000070 0x80010000 0x0 0x0 0x0 0x0 0x0 0x0
VERBOSE: SPM(0): 0x84000077 0x0 0x0 0x0 0x0 0x0 0x0 0x0
VERBOSE: SPM(0): 0x84000061 0x0 0x0 0x0 0x0 0x0 0x0 0x0
VERBOSE: SPM(0): 0x84000067 0x0 0x0 0x0 0x0 0x0 0x0 0x0
VERBOSE: SPM(0): 0x84000061 0x0 0x0 0x0 0x0 0x0 0x0 0x0
VERBOSE: SPM(0): 0x8400006f 0x8001 0x0 0x8a80c 0x0 0x0 0x0 0x0
VERBOSE: SPM(0): 0x84000070 0x80010000 0x0 0x0 0x0 0x0 0x0 0x0
VERBOSE: SPM(0): 0x84000069 0x0 0x0 0x0 0x0 0x0 0x0 0x0
VERBOSE: SPM(0): 0x8400006f 0x8001 0x0 0x1080c 0x0 0x0 0x0 0x0
VERBOSE: SPM(0): 0x84000070 0x80010000 0x0 0x0 0x0 0x0 0x0 0x0
VERBOSE: SPM(0): 0x84000069 0x0 0x0 0x0 0x0 0x0 0x0 0x0
VERBOSE: SPM(0): 0x8400006f 0x8002 0x0 0x900c 0x0 0x0 0x0 0x0
VERBOSE: SPM(0): 0x84000070 0x80020000 0x0 0x0 0x0 0x0 0x0 0x0
VERBOSE: SPM(0): 0xc4000066 0x8811a000 0x8811c000 0x1 0x0 0x0 0x0 0x0
VERBOSE: SPM(0): 0x84000061 0x0 0x0 0x0 0x0 0x0 0x0 0x0
VERBOSE: SPM(0): 0x8400006f 0x8001 0x0 0x8a80d 0xc4000073 0x0 0x0 0x0
VERBOSE: SPM(0): 0x84000070 0x80010000 0x0 0x0 0x0 0x0 0x0 0x0
VERBOSE: SPM(0): 0xc4000073 0x70 0x70 0x0 0x0 0x0 0x0 0x0
VERBOSE: SPM(0): 0x84000061 0x0 0x0 0x0 0x0 0x0 0x0 0x0
VERBOSE: SPM(0): 0xc400006f 0x8001 0x0 0x0 0xaabbccdd 0x0 0x0 0x0
VERBOSE: SPM(0): 0xc4000070 0x80010000 0x0 0x0 0x0 0x0 0x0 0x0
VERBOSE: SPM(0): 0x84000077 0x0 0x0 0x0 0x0 0x0 0x0 0x0
VERBOSE: SPM(0): 0x84000061 0x0 0x0 0x0 0x0 0x0 0x0 0x0
VERBOSE: SPM(0): 0x84000067 0x0 0x0 0x0 0x0 0x0 0x0 0x0
VERBOSE: SPM(0): 0x84000061 0x0 0x0 0x0 0x0 0x0 0x0 0x0
VERBOSE: SPM(0): 0x8400006f 0x8001 0x0 0x8a80d 0x0 0x0 0x0 0x0
VERBOSE: SPM(0): 0x84000070 0x80010000 0x0 0x0 0x0 0x0 0x0 0x0
VERBOSE: SPM(0): 0xc4000066 0x8811a000 0x8811c000 0x1 0x0 0x0 0x0 0x0
VERBOSE: SPM(0): 0x84000061 0x0 0x0 0x0 0x0 0x0 0x0 0x0
VERBOSE: SPM(0): 0x8400006f 0x8001 0x0 0x8a80d 0x84000073 0x0 0x0 0x0
VERBOSE: SPM(0): 0x84000070 0x80010000 0x0 0x0 0x0 0x0 0x0 0x0
VERBOSE: SPM(0): 0x84000073 0x70 0x70 0x0 0x0 0x0 0x0 0x0
VERBOSE: SPM(0): 0x84000061 0x0 0x0 0x0 0x0 0x0 0x0 0x0
VERBOSE: SPM(0): 0xc400006f 0x8001 0x0 0x0 0xaabbccdd 0x0 0x0 0x0
VERBOSE: SPM(0): 0xc4000070 0x80010000 0x0 0x0 0x0 0x0 0x0 0x0
VERBOSE: SPM(0): 0x84000077 0x0 0x0 0x0 0x0 0x0 0x0 0x0
VERBOSE: SPM(0): 0x84000061 0x0 0x0 0x0 0x0 0x0 0x0 0x0
VERBOSE: SPM(0): 0x84000067 0x0 0x0 0x0 0x0 0x0 0x0 0x0
VERBOSE: SPM(0): 0x84000061 0x0 0x0 0x0 0x0 0x0 0x0 0x0
VERBOSE: SPM(0): 0x8400006f 0x8001 0x0 0x8a80d 0x0 0x0 0x0 0x0
VERBOSE: SPM(0): 0x84000070 0x80010000 0x0 0x0 0x0 0x0 0x0 0x0
VERBOSE: SPM(0): 0x84000069 0x0 0x0 0x0 0x0 0x0 0x0 0x0
VERBOSE: SPM(0): 0x8400006f 0x8001 0x0 0x1080d 0x0 0x0 0x0 0x0
VERBOSE: SPM(0): 0x84000070 0x80010000 0x0 0x0 0x0 0x0 0x0 0x0
VERBOSE: SPM(0): 0xc4000066 0x8811a000 0x8811c000 0x1 0x0 0x0 0x0 0x0
VERBOSE: SPM(0): 0x84000061 0x0 0x0 0x0 0x0 0x0 0x0 0x0
VERBOSE: SPM(0): 0x84000069 0x0 0x0 0x0 0x0 0x0 0x0 0x0
VERBOSE: SPM(0): 0x84000069 0x0 0x0 0x0 0x0 0x0 0x0 0x0
VERBOSE: SPM(0): 0x84000069 0x0 0x0 0x0 0x0 0x0 0x0 0x0
VERBOSE: SPM(0): 0x84000069 0x0 0x0 0x0 0x0 0x0 0x0 0x0
VERBOSE: SPM(0): 0x84000069 0x0 0x0 0x0 0x0 0x0 0x0 0x0
VERBOSE: SPM(0): 0xc4000073 0x70 0x70 0x0 0x0 0x0 0x0 0x0
VERBOSE: SPM(0): 0x84000060 0x0 0xfffffffa 0x0 0x0 0x0 0x0 0x0
VERBOSE: SPM(0): 0xc4000073 0x70 0x70 0x0 0x0 0x0 0x0 0x0
VERBOSE: SPM(0): 0x84000060 0x0 0xfffffffe 0x0 0x0 0x0 0x0 0x0
VERBOSE: SPM(0): 0xc4000073 0x70 0x70 0x0 0x0 0x0 0x0 0x0
VERBOSE: SPM(0): 0x84000060 0x0 0xfffffffe 0x0 0x0 0x0 0x0 0x0
VERBOSE: SPM(0): 0xc4000073 0x70 0x70 0x0 0x0 0x0 0x0 0x0
VERBOSE: SPM(0): 0x84000060 0x0 0xfffffffe 0x0 0x0 0x0 0x0 0x0
VERBOSE: SPM(0): 0xc4000073 0x70 0x70 0x0 0x0 0x0 0x0 0x0
VERBOSE: SPM(0): 0x84000060 0x0 0xfffffffe 0x0 0x0 0x0 0x0 0x0
VERBOSE: SPM(0): 0x84000067 0x0 0x0 0x0 0x0 0x0 0x0 0x0
VERBOSE: SPM(0): 0x84000061 0x0 0x0 0x0 0x0 0x0 0x0 0x0
VERBOSE: SPM(0): 0xc4000066 0x8811a000 0x8811c000 0x1 0x0 0x0 0x0 0x0
VERBOSE: SPM(0): 0x84000061 0x0 0x0 0x0 0x0 0x0 0x0 0x0
VERBOSE: SPM(0): 0x84000069 0x0 0x0 0x0 0x0 0x0 0x0 0x0
VERBOSE: SPM(0): 0x84000069 0x0 0x0 0x0 0x0 0x0 0x0 0x0
VERBOSE: SPM(0): 0x84000069 0x0 0x0 0x0 0x0 0x0 0x0 0x0
VERBOSE: SPM(0): 0x84000069 0x0 0x0 0x0 0x0 0x0 0x0 0x0
VERBOSE: SPM(0): 0x84000069 0x0 0x0 0x0 0x0 0x0 0x0 0x0
VERBOSE: SPM(0): 0x84000073 0x70 0x70 0x0 0x0 0x0 0x0 0x0
VERBOSE: SPM(0): 0x84000060 0x0 0xfffffffa 0x0 0x0 0x0 0x0 0x0
VERBOSE: SPM(0): 0x84000073 0x70 0x70 0x0 0x0 0x0 0x0 0x0
VERBOSE: SPM(0): 0x84000060 0x0 0xfffffffe 0x0 0x0 0x0 0x0 0x0
VERBOSE: SPM(0): 0x84000073 0x70 0x70 0x0 0x0 0x0 0x0 0x0
VERBOSE: SPM(0): 0x84000060 0x0 0xfffffffe 0x0 0x0 0x0 0x0 0x0
VERBOSE: SPM(0): 0x84000073 0x70 0x70 0x0 0x0 0x0 0x0 0x0
VERBOSE: SPM(0): 0x84000060 0x0 0xfffffffe 0x0 0x0 0x0 0x0 0x0
VERBOSE: SPM(0): 0x84000073 0x70 0x70 0x0 0x0 0x0 0x0 0x0
VERBOSE: SPM(0): 0x84000060 0x0 0xfffffffe 0x0 0x0 0x0 0x0 0x0
VERBOSE: SPM(0): 0x84000067 0x0 0x0 0x0 0x0 0x0 0x0 0x0
VERBOSE: SPM(0): 0x84000061 0x0 0x0 0x0 0x0 0x0 0x0 0x0
VERBOSE: SPM(0): 0x84000069 0x0 0x0 0x0 0x0 0x0 0x0 0x0
VERBOSE: SPM(0): 0x8400006f 0x8001 0x0 0x80e 0x0 0x0 0x0 0x0
VERBOSE: SPM(0): 0x84000070 0x80010000 0x0 0x0 0x0 0x0 0x0 0x0
VERBOSE: SPM(0): 0xc4000066 0x8811a000 0x8811c000 0x1 0x0 0x0 0x0 0x0
VERBOSE: SPM(0): 0x84000061 0x0 0x0 0x0 0x0 0x0 0x0 0x0
VERBOSE: SPM(0): 0xc4000072 0x70 0x70 0x0 0x0 0x0 0x0 0x0
VERBOSE: SPM(0): 0x84000061 0x0 0x0 0x0 0x0 0x0 0x0 0x0
VERBOSE: SPM(0): 0xc4000073 0x70 0x70 0x0 0x0 0x0 0x0 0x0
VERBOSE: SPM(0): 0x84000060 0x0 0xfffffffa 0x0 0x0 0x0 0x0 0x0
VERBOSE: SPM(0): 0x84000077 0x0 0x0 0x0 0x0 0x0 0x0 0x0
VERBOSE: SPM(0): 0x84000061 0x0 0x0 0x0 0x0 0x0 0x0 0x0
VERBOSE: SPM(0): 0x84000067 0x0 0x0 0x0 0x0 0x0 0x0 0x0
VERBOSE: SPM(0): 0x84000061 0x0 0x0 0x0 0x0 0x0 0x0 0x0
VERBOSE: SPM(0): 0xc4000066 0x8811a000 0x8811c000 0x1 0x0 0x0 0x0 0x0
VERBOSE: SPM(0): 0x84000061 0x0 0x0 0x0 0x0 0x0 0x0 0x0
VERBOSE: SPM(0): 0xc4000072 0x70 0x70 0x0 0x0 0x0 0x0 0x0
VERBOSE: SPM(0): 0x84000061 0x0 0x0 0x0 0x0 0x0 0x0 0x0
VERBOSE: SPM(0): 0x84000073 0x70 0x70 0x0 0x0 0x0 0x0 0x0
VERBOSE: SPM(0): 0x84000060 0x0 0xfffffffa 0x0 0x0 0x0 0x0 0x0
VERBOSE: SPM(0): 0x84000077 0x0 0x0 0x0 0x0 0x0 0x0 0x0
VERBOSE: SPM(0): 0x84000061 0x0 0x0 0x0 0x0 0x0 0x0 0x0
VERBOSE: SPM(0): 0x84000067 0x0 0x0 0x0 0x0 0x0 0x0 0x0
VERBOSE: SPM(0): 0x84000061 0x0 0x0 0x0 0x0 0x0 0x0 0x0
VERBOSE: SPM(0): 0x84000069 0x0 0x0 0x0 0x0 0x0 0x0 0x0
VERBOSE: SPM(0): 0x8400006f 0x8001 0x0 0x80f 0x0 0x0 0x0 0x0
VERBOSE: SPM(0): 0x84000070 0x80010000 0x0 0x0 0x0 0x0 0x0 0x0
VERBOSE: SPM(0): 0xc4000066 0x8811a000 0x8811c000 0x1 0x0 0x0 0x0 0x0
VERBOSE: SPM(0): 0x84000061 0x0 0x0 0x0 0x0 0x0 0x0 0x0
VERBOSE: SPM(0): 0x8400006f 0x8001 0x0 0x8a810 0xc4000073 0x0 0x0 0x0
VERBOSE: SPM(0): 0x84000070 0x80010000 0x0 0x0 0x0 0x0 0x0 0x0
VERBOSE: SPM(0): 0xc4000072 0x70 0x70 0x0 0x0 0x0 0x0 0x0
VERBOSE: SPM(0): 0x84000061 0x0 0x0 0x0 0x0 0x0 0x0 0x0
VERBOSE: SPM(0): 0xc400006f 0x8001 0x0 0x0 0x0 0x0 0x0 0x0
VERBOSE: SPM(0): 0x84000070 0x80010000 0x0 0x0 0x0 0x0 0x0 0x0
VERBOSE: SPM(0): 0xc4000073 0x70 0x70 0x0 0x0 0x0 0x0 0x0
VERBOSE: SPM(0): 0x84000060 0x0 0xfffffffa 0x0 0x0 0x0 0x0 0x0
VERBOSE: SPM(0): 0x8400006f 0x8001 0x0 0x8a810 0xc4000073 0x0 0x0 0x0
VERBOSE: SPM(0): 0xc4000070 0x80010000 0x0 0x0 0x0 0x0 0x0 0x0
VERBOSE: SPM(0): 0x84000077 0x0 0x0 0x0 0x0 0x0 0x0 0x0
VERBOSE: SPM(0): 0x84000061 0x0 0x0 0x0 0x0 0x0 0x0 0x0
VERBOSE: SPM(0): 0x84000067 0x0 0x0 0x0 0x0 0x0 0x0 0x0
VERBOSE: SPM(0): 0x84000061 0x0 0x0 0x0 0x0 0x0 0x0 0x0
VERBOSE: SPM(0): 0x8400006f 0x8001 0x0 0x8a810 0x0 0x0 0x0 0x0
VERBOSE: SPM(0): 0x84000070 0x80010000 0x0 0x0 0x0 0x0 0x0 0x0
VERBOSE: SPM(0): 0xc4000066 0x8811a000 0x8811c000 0x1 0x0 0x0 0x0 0x0
VERBOSE: SPM(0): 0x84000061 0x0 0x0 0x0 0x0 0x0 0x0 0x0
VERBOSE: SPM(0): 0x8400006f 0x8001 0x0 0x8a810 0x84000073 0x0 0x0 0x0
VERBOSE: SPM(0): 0x84000070 0x80010000 0x0 0x0 0x0 0x0 0x0 0x0
VERBOSE: SPM(0): 0xc4000072 0x70 0x70 0x0 0x0 0x0 0x0 0x0
VERBOSE: SPM(0): 0x84000061 0x0 0x0 0x0 0x0 0x0 0x0 0x0
VERBOSE: SPM(0): 0xc400006f 0x8001 0x0 0x0 0x0 0x0 0x0 0x0
VERBOSE: SPM(0): 0x84000070 0x80010000 0x0 0x0 0x0 0x0 0x0 0x0
VERBOSE: SPM(0): 0x84000073 0x70 0x70 0x0 0x0 0x0 0x0 0x0
VERBOSE: SPM(0): 0x84000060 0x0 0xfffffffa 0x0 0x0 0x0 0x0 0x0
VERBOSE: SPM(0): 0x8400006f 0x8001 0x0 0x8a810 0x84000073 0x0 0x0 0x0
VERBOSE: SPM(0): 0xc4000070 0x80010000 0x0 0x0 0x0 0x0 0x0 0x0
VERBOSE: SPM(0): 0x84000077 0x0 0x0 0x0 0x0 0x0 0x0 0x0
VERBOSE: SPM(0): 0x84000061 0x0 0x0 0x0 0x0 0x0 0x0 0x0
VERBOSE: SPM(0): 0x84000067 0x0 0x0 0x0 0x0 0x0 0x0 0x0
VERBOSE: SPM(0): 0x84000061 0x0 0x0 0x0 0x0 0x0 0x0 0x0
VERBOSE: SPM(0): 0x8400006f 0x8001 0x0 0x8a810 0x0 0x0 0x0 0x0
VERBOSE: SPM(0): 0x84000070 0x80010000 0x0 0x0 0x0 0x0 0x0 0x0
VERBOSE: SPM(0): 0x84000069 0x0 0x0 0x0 0x0 0x0 0x0 0x0
VERBOSE: SPM(0): 0x8400006f 0x8001 0x0 0x10810 0x0 0x0 0x0 0x0
VERBOSE: SPM(0): 0x84000070 0x80010000 0x0 0x0 0x0 0x0 0x0 0x0
VERBOSE: SPM(0): 0xc4000066 0x8811a000 0x8811c000 0x1 0x0 0x0 0x0 0x0
VERBOSE: SPM(0): 0x84000061 0x0 0x0 0x0 0x0 0x0 0x0 0x0
VERBOSE: SPM(0): 0x8400006f 0x8001 0x0 0x8a811 0xc4000073 0x0 0x0 0x0
VERBOSE: SPM(0): 0x84000070 0x80010000 0x0 0x0 0x0 0x0 0x0 0x0
VERBOSE: SPM(0): 0xc4000073 0x70 0x70 0x0 0x0 0x0 0x0 0x0
VERBOSE: SPM(0): 0x84000061 0x0 0x0 0x0 0x0 0x0 0x0 0x0
VERBOSE: SPM(0): 0xc400006f 0x8001 0x0 0x0 0x0 0x0 0x0 0x0
VERBOSE: SPM(0): 0x84000070 0x80010000 0x0 0x0 0x0 0x0 0x0 0x0
VERBOSE: SPM(0): 0xc4000073 0x70 0x70 0x0 0x0 0x0 0x0 0x0
VERBOSE: SPM(0): 0x84000060 0x0 0xfffffffa 0x0 0x0 0x0 0x0 0x0
VERBOSE: SPM(0): 0xc4000073 0x70 0x70 0x0 0x0 0x0 0x0 0x0
VERBOSE: SPM(0): 0x84000060 0x0 0xfffffffa 0x0 0x0 0x0 0x0 0x0
VERBOSE: SPM(0): 0x8400006f 0x8001 0x0 0x8a811 0xc4000073 0x0 0x0 0x0
VERBOSE: SPM(0): 0xc4000070 0x80010000 0x0 0x0 0x0 0x0 0x0 0x0
VERBOSE: SPM(0): 0x84000077 0x0 0x0 0x0 0x0 0x0 0x0 0x0
VERBOSE: SPM(0): 0x84000061 0x0 0x0 0x0 0x0 0x0 0x0 0x0
VERBOSE: SPM(0): 0x84000067 0x0 0x0 0x0 0x0 0x0 0x0 0x0
VERBOSE: SPM(0): 0x84000061 0x0 0x0 0x0 0x0 0x0 0x0 0x0
VERBOSE: SPM(0): 0x8400006f 0x8001 0x0 0x8a811 0x0 0x0 0x0 0x0
VERBOSE: SPM(0): 0x84000070 0x80010000 0x0 0x0 0x0 0x0 0x0 0x0
VERBOSE: SPM(0): 0xc4000066 0x8811a000 0x8811c000 0x1 0x0 0x0 0x0 0x0
VERBOSE: SPM(0): 0x84000061 0x0 0x0 0x0 0x0 0x0 0x0 0x0
VERBOSE: SPM(0): 0x8400006f 0x8001 0x0 0x8a811 0x84000073 0x0 0x0 0x0
VERBOSE: SPM(0): 0x84000070 0x80010000 0x0 0x0 0x0 0x0 0x0 0x0
VERBOSE: SPM(0): 0x84000073 0x70 0x70 0x0 0x0 0x0 0x0 0x0
VERBOSE: SPM(0): 0x84000061 0x0 0x0 0x0 0x0 0x0 0x0 0x0
VERBOSE: SPM(0): 0xc400006f 0x8001 0x0 0x0 0x0 0x0 0x0 0x0
VERBOSE: SPM(0): 0x84000070 0x80010000 0x0 0x0 0x0 0x0 0x0 0x0
VERBOSE: SPM(0): 0x84000073 0x70 0x70 0x0 0x0 0x0 0x0 0x0
VERBOSE: SPM(0): 0x84000060 0x0 0xfffffffa 0x0 0x0 0x0 0x0 0x0
VERBOSE: SPM(0): 0x84000073 0x70 0x70 0x0 0x0 0x0 0x0 0x0
VERBOSE: SPM(0): 0x84000060 0x0 0xfffffffa 0x0 0x0 0x0 0x0 0x0
VERBOSE: SPM(0): 0x8400006f 0x8001 0x0 0x8a811 0x84000073 0x0 0x0 0x0
VERBOSE: SPM(0): 0xc4000070 0x80010000 0x0 0x0 0x0 0x0 0x0 0x0
VERBOSE: SPM(0): 0x84000077 0x0 0x0 0x0 0x0 0x0 0x0 0x0
VERBOSE: SPM(0): 0x84000061 0x0 0x0 0x0 0x0 0x0 0x0 0x0
VERBOSE: SPM(0): 0x84000067 0x0 0x0 0x0 0x0 0x0 0x0 0x0
VERBOSE: SPM(0): 0x84000061 0x0 0x0 0x0 0x0 0x0 0x0 0x0
VERBOSE: SPM(0): 0x8400006f 0x8001 0x0 0x8a811 0x0 0x0 0x0 0x0
VERBOSE: SPM(0): 0x84000070 0x80010000 0x0 0x0 0x0 0x0 0x0 0x0
VERBOSE: SPM(0): 0x84000069 0x0 0x0 0x0 0x0 0x0 0x0 0x0
VERBOSE: SPM(0): 0x8400006f 0x8001 0x0 0x10811 0x0 0x0 0x0 0x0
VERBOSE: SPM(0): 0x84000070 0x80010000 0x0 0x0 0x0 0x0 0x0 0x0
VERBOSE: SPM(0): 0xc4000066 0x8811a000 0x8811c000 0x1 0x0 0x0 0x0 0x0
VERBOSE: SPM(0): 0x84000061 0x0 0x0 0x0 0x0 0x0 0x0 0x0
VERBOSE: SPM(0): 0x8400006f 0x8002 0x0 0x92812 0xc4000073 0x0 0x0 0x0
VERBOSE: SPM(0): 0x84000070 0x80020000 0x0 0x0 0x0 0x0 0x0 0x0
VERBOSE: SPM(0): 0xc4000073 0x70 0x70 0x0 0x0 0x0 0x0 0x0
VERBOSE: SPM(0): 0x84000061 0x0 0x0 0x0 0x0 0x0 0x0 0x0
VERBOSE: SPM(0): 0xc400006f 0x8002 0x0 0x0 0x0 0x0 0x0 0x0
VERBOSE: SPM(0): 0xc4000070 0x80020000 0x0 0x0 0x0 0x0 0x0 0x0
VERBOSE: SPM(0): 0x84000077 0x0 0x0 0x0 0x0 0x0 0x0 0x0
VERBOSE: SPM(0): 0x84000061 0x0 0x0 0x0 0x0 0x0 0x0 0x0
VERBOSE: SPM(0): 0x84000067 0x0 0x0 0x0 0x0 0x0 0x0 0x0
VERBOSE: SPM(0): 0x84000061 0x0 0x0 0x0 0x0 0x0 0x0 0x0
VERBOSE: SPM(0): 0x8400006f 0x8002 0x0 0x92812 0x0 0x0 0x0 0x0
VERBOSE: SPM(0): 0x84000070 0x80020000 0x0 0x0 0x0 0x0 0x0 0x0
VERBOSE: SPM(0): 0xc4000066 0x8811a000 0x8811c000 0x1 0x0 0x0 0x0 0x0
VERBOSE: SPM(0): 0x84000061 0x0 0x0 0x0 0x0 0x0 0x0 0x0
VERBOSE: SPM(0): 0x8400006f 0x8002 0x0 0x92812 0x84000073 0x0 0x0 0x0
VERBOSE: SPM(0): 0x84000070 0x80020000 0x0 0x0 0x0 0x0 0x0 0x0
VERBOSE: SPM(0): 0x84000073 0x70 0x70 0x0 0x0 0x0 0x0 0x0
VERBOSE: SPM(0): 0x84000061 0x0 0x0 0x0 0x0 0x0 0x0 0x0
VERBOSE: SPM(0): 0xc400006f 0x8002 0x0 0x0 0x0 0x0 0x0 0x0
VERBOSE: SPM(0): 0xc4000070 0x80020000 0x0 0x0 0x0 0x0 0x0 0x0
VERBOSE: SPM(0): 0x84000077 0x0 0x0 0x0 0x0 0x0 0x0 0x0
VERBOSE: SPM(0): 0x84000061 0x0 0x0 0x0 0x0 0x0 0x0 0x0
VERBOSE: SPM(0): 0x84000067 0x0 0x0 0x0 0x0 0x0 0x0 0x0
VERBOSE: SPM(0): 0x84000061 0x0 0x0 0x0 0x0 0x0 0x0 0x0
VERBOSE: SPM(0): 0x8400006f 0x8002 0x0 0x92812 0x0 0x0 0x0 0x0
VERBOSE: SPM(0): 0x84000070 0x80020000 0x0 0x0 0x0 0x0 0x0 0x0
VERBOSE: SPM(0): 0x84000069 0x0 0x0 0x0 0x0 0x0 0x0 0x0
VERBOSE: SPM(0): 0x8400006f 0x8001 0x0 0x10812 0x0 0x0 0x0 0x0
VERBOSE: SPM(0): 0x84000070 0x80010000 0x0 0x0 0x0 0x0 0x0 0x0
VERBOSE: SPM(0): 0xc4000066 0x8811a000 0x8811c000 0x1 0x0 0x0 0x0 0x0
VERBOSE: SPM(0): 0x84000061 0x0 0x0 0x0 0x0 0x0 0x0 0x0
VERBOSE: SPM(0): 0x8400006f 0x8001 0x0 0x8a813 0xc4000073 0x0 0x0 0x0
VERBOSE: SPM(0): 0x84000070 0x80010000 0x0 0x0 0x0 0x0 0x0 0x0
VERBOSE: SPM(0): 0xc4000073 0x70 0x70 0x0 0x0 0x0 0x0 0x0
VERBOSE: SPM(0): 0x84000061 0x0 0x0 0x0 0x0 0x0 0x0 0x0
VERBOSE: SPM(0): 0xc400006f 0x8001 0x0 0x0 0x0 0x0 0x0 0x0
VERBOSE: SPM(0): 0xc4000070 0x80010000 0x0 0x0 0x0 0x0 0x0 0x0
VERBOSE: SPM(0): 0x84000077 0x0 0x0 0x0 0x0 0x0 0x0 0x0
VERBOSE: SPM(0): 0x84000061 0x0 0x0 0x0 0x0 0x0 0x0 0x0
VERBOSE: SPM(0): 0x84000067 0x0 0x0 0x0 0x0 0x0 0x0 0x0
VERBOSE: SPM(0): 0x84000061 0x0 0x0 0x0 0x0 0x0 0x0 0x0
VERBOSE: SPM(0): 0x8400006f 0x8001 0x0 0x8a813 0x0 0x0 0x0 0x0
VERBOSE: SPM(0): 0x84000070 0x80010000 0x0 0x0 0x0 0x0 0x0 0x0
VERBOSE: SPM(0): 0xc4000066 0x8811a000 0x8811c000 0x1 0x0 0x0 0x0 0x0
VERBOSE: SPM(0): 0x84000061 0x0 0x0 0x0 0x0 0x0 0x0 0x0
VERBOSE: SPM(0): 0x8400006f 0x8001 0x0 0x8a813 0x84000073 0x0 0x0 0x0
VERBOSE: SPM(0): 0x84000070 0x80010000 0x0 0x0 0x0 0x0 0x0 0x0
VERBOSE: SPM(0): 0x84000073 0x70 0x70 0x0 0x0 0x0 0x0 0x0
VERBOSE: SPM(0): 0x84000061 0x0 0x0 0x0 0x0 0x0 0x0 0x0
VERBOSE: SPM(0): 0xc400006f 0x8001 0x0 0x0 0x0 0x0 0x0 0x0
VERBOSE: SPM(0): 0xc4000070 0x80010000 0x0 0x0 0x0 0x0 0x0 0x0
VERBOSE: SPM(0): 0x84000077 0x0 0x0 0x0 0x0 0x0 0x0 0x0
VERBOSE: SPM(0): 0x84000061 0x0 0x0 0x0 0x0 0x0 0x0 0x0
VERBOSE: SPM(0): 0x84000067 0x0 0x0 0x0 0x0 0x0 0x0 0x0
VERBOSE: SPM(0): 0x84000061 0x0 0x0 0x0 0x0 0x0 0x0 0x0
VERBOSE: SPM(0): 0x8400006f 0x8001 0x0 0x8a813 0x0 0x0 0x0 0x0
VERBOSE: SPM(0): 0x84000070 0x80010000 0x0 0x0 0x0 0x0 0x0 0x0
VERBOSE: SPM(0): 0x84000069 0x0 0x0 0x0 0x0 0x0 0x0 0x0
VERBOSE: SPM(0): 0x8400006f 0x8001 0x0 0x10813 0x0 0x0 0x0 0x0
VERBOSE: SPM(0): 0x84000070 0x80010000 0x0 0x0 0x0 0x0 0x0 0x0
VERBOSE: SPM(0): 0xc4000066 0x8811a000 0x8811c000 0x1 0x0 0x0 0x0 0x0
VERBOSE: SPM(0): 0x84000061 0x0 0x0 0x0 0x0 0x0 0x0 0x0
VERBOSE: SPM(0): 0x8400006f 0x8002 0x0 0x92814 0x0 0x0 0x0 0x0
VERBOSE: SPM(0): 0x84000070 0x80020000 0x0 0x0 0x0 0x0 0x0 0x0
VERBOSE: SPM(0): 0xc4000073 0x70 0x70 0x0 0x0 0x0 0x0 0x0
VERBOSE: SPM(0): 0x84000061 0x0 0x0 0x0 0x0 0x0 0x0 0x0
VERBOSE: SPM(0): 0xc400006f 0x8002 0x0 0x0 0x0 0x0 0x0 0x0
VERBOSE: SPM(0): 0xc4000070 0x80020000 0x0 0x0 0x0 0x0 0x0 0x0
VERBOSE: SPM(0): 0x84000077 0x0 0x0 0x0 0x0 0x0 0x0 0x0
VERBOSE: SPM(0): 0x84000061 0x0 0x0 0x0 0x0 0x0 0x0 0x0
VERBOSE: SPM(0): 0x84000067 0x0 0x0 0x0 0x0 0x0 0x0 0x0
VERBOSE: SPM(0): 0x84000061 0x0 0x0 0x0 0x0 0x0 0x0 0x0
VERBOSE: SPM(0): 0x8400006f 0x8002 0x0 0x92814 0x0 0x0 0x0 0x0
VERBOSE: SPM(0): 0x84000070 0x80020000 0x0 0x0 0x0 0x0 0x0 0x0
VERBOSE: SPM(0): 0xc4000066 0x8811a000 0x8811c000 0x1 0x0 0x0 0x0 0x0
VERBOSE: SPM(0): 0x84000061 0x0 0x0 0x0 0x0 0x0 0x0 0x0
VERBOSE: SPM(0): 0x8400006f 0x8002 0x0 0x92814 0x0 0x0 0x0 0x0
VERBOSE: SPM(0): 0x84000070 0x80020000 0x0 0x0 0x0 0x0 0x0 0x0
VERBOSE: SPM(0): 0x84000073 0x70 0x70 0x0 0x0 0x0 0x0 0x0
VERBOSE: SPM(0): 0x84000061 0x0 0x0 0x0 0x0 0x0 0x0 0x0
VERBOSE: SPM(0): 0xc400006f 0x8002 0x0 0x0 0x0 0x0 0x0 0x0
VERBOSE: SPM(0): 0xc4000070 0x80020000 0x0 0x0 0x0 0x0 0x0 0x0
VERBOSE: SPM(0): 0x84000077 0x0 0x0 0x0 0x0 0x0 0x0 0x0
VERBOSE: SPM(0): 0x84000061 0x0 0x0 0x0 0x0 0x0 0x0 0x0
VERBOSE: SPM(0): 0x84000067 0x0 0x0 0x0 0x0 0x0 0x0 0x0
VERBOSE: SPM(0): 0x84000061 0x0 0x0 0x0 0x0 0x0 0x0 0x0
VERBOSE: SPM(0): 0x8400006f 0x8002 0x0 0x92814 0x0 0x0 0x0 0x0
VERBOSE: SPM(0): 0x84000070 0x80020000 0x0 0x0 0x0 0x0 0x0 0x0
VERBOSE: SPM(0): 0x84000069 0x0 0x0 0x0 0x0 0x0 0x0 0x0
VERBOSE: SPM(0): 0x8400006f 0x8001 0x0 0x10814 0x0 0x0 0x0 0x0
VERBOSE: SPM(0): 0x84000070 0x80010000 0x0 0x0 0x0 0x0 0x0 0x0
VERBOSE: SPM(0): 0xc4000066 0x8811a000 0x8811c000 0x1 0x0 0x0 0x0 0x0
VERBOSE: SPM(0): 0x84000061 0x0 0x0 0x0 0x0 0x0 0x0 0x0
VERBOSE: SPM(0): 0x8400006f 0x8002 0x0 0x92815 0xc4000072 0x0 0x0 0x0
VERBOSE: SPM(0): 0x84000070 0x80020000 0x0 0x0 0x0 0x0 0x0 0x0
VERBOSE: SPM(0): 0xc4000072 0x70 0x70 0x0 0x0 0x0 0x0 0x0
VERBOSE: SPM(0): 0x84000061 0x0 0x0 0x0 0x0 0x0 0x0 0x0
VERBOSE: SPM(0): 0xc400006f 0x8002 0x0 0x0 0x0 0x0 0x0 0x0
VERBOSE: SPM(0): 0xc4000070 0x80020000 0x0 0x0 0x0 0x0 0x0 0x0
VERBOSE: SPM(0): 0x84000077 0x0 0x0 0x0 0x0 0x0 0x0 0x0
VERBOSE: SPM(0): 0x84000061 0x0 0x0 0x0 0x0 0x0 0x0 0x0
VERBOSE: SPM(0): 0x84000067 0x0 0x0 0x0 0x0 0x0 0x0 0x0
VERBOSE: SPM(0): 0x84000061 0x0 0x0 0x0 0x0 0x0 0x0 0x0
VERBOSE: SPM(0): 0x8400006f 0x8002 0x0 0x92815 0x0 0x0 0x0 0x0
VERBOSE: SPM(0): 0x84000070 0x80020000 0x0 0x0 0x0 0x0 0x0 0x0
VERBOSE: SPM(0): 0xc4000066 0x8811a000 0x8811c000 0x1 0x0 0x0 0x0 0x0
VERBOSE: SPM(0): 0x84000061 0x0 0x0 0x0 0x0 0x0 0x0 0x0
VERBOSE: SPM(0): 0x8400006f 0x8002 0x0 0x92815 0x84000072 0x0 0x0 0x0
VERBOSE: SPM(0): 0x84000070 0x80020000 0x0 0x0 0x0 0x0 0x0 0x0
VERBOSE: SPM(0): 0x84000072 0x70 0x70 0x0 0x0 0x0 0x0 0x0
VERBOSE: SPM(0): 0x84000061 0x0 0x0 0x0 0x0 0x0 0x0 0x0
VERBOSE: SPM(0): 0xc400006f 0x8002 0x0 0x0 0x0 0x0 0x0 0x0
VERBOSE: SPM(0): 0xc4000070 0x80020000 0x0 0x0 0x0 0x0 0x0 0x0
VERBOSE: SPM(0): 0x84000077 0x0 0x0 0x0 0x0 0x0 0x0 0x0
VERBOSE: SPM(0): 0x84000061 0x0 0x0 0x0 0x0 0x0 0x0 0x0
VERBOSE: SPM(0): 0x84000067 0x0 0x0 0x0 0x0 0x0 0x0 0x0
VERBOSE: SPM(0): 0x84000061 0x0 0x0 0x0 0x0 0x0 0x0 0x0
VERBOSE: SPM(0): 0x8400006f 0x8002 0x0 0x92815 0x0 0x0 0x0 0x0
VERBOSE: SPM(0): 0x84000070 0x80020000 0x0 0x0 0x0 0x0 0x0 0x0
VERBOSE: SPM(0): 0x84000069 0x0 0x0 0x0 0x0 0x0 0x0 0x0
VERBOSE: SPM(0): 0x8400006f 0x8001 0x0 0x10815 0x0 0x0 0x0 0x0
VERBOSE: SPM(0): 0x84000070 0x80010000 0x0 0x0 0x0 0x0 0x0 0x0
VERBOSE: SPM(0): 0x84000069 0x0 0x0 0x0 0x0 0x0 0x0 0x0
VERBOSE: SPM(0): 0x8400006f 0x8002 0x0 0x9015 0x0 0x0 0x0 0x0
VERBOSE: SPM(0): 0x84000070 0x80020000 0x0 0x0 0x0 0x0 0x0 0x0
VERBOSE: SPM(0): 0xc4000066 0x8811a000 0x8811c000 0x1 0x0 0x0 0x0 0x0
VERBOSE: SPM(0): 0x84000061 0x0 0x0 0x0 0x0 0x0 0x0 0x0
VERBOSE: SPM(0): 0x8400006f 0x8001 0x0 0x8a816 0xc4000072 0x0 0x0 0x0
VERBOSE: SPM(0): 0x84000070 0x80010000 0x0 0x0 0x0 0x0 0x0 0x0
VERBOSE: SPM(0): 0xc4000072 0x70 0x70 0x0 0x0 0x0 0x0 0x0
VERBOSE: SPM(0): 0x84000061 0x0 0x0 0x0 0x0 0x0 0x0 0x0
VERBOSE: SPM(0): 0xc400006f 0x8001 0x0 0x0 0xaabbccdd 0x0 0x0 0x0
VERBOSE: SPM(0): 0xc4000070 0x80010000 0x0 0x0 0x0 0x0 0x0 0x0
VERBOSE: SPM(0): 0x84000077 0x0 0x0 0x0 0x0 0x0 0x0 0x0
VERBOSE: SPM(0): 0x84000061 0x0 0x0 0x0 0x0 0x0 0x0 0x0
VERBOSE: SPM(0): 0x84000067 0x0 0x0 0x0 0x0 0x0 0x0 0x0
VERBOSE: SPM(0): 0x84000061 0x0 0x0 0x0 0x0 0x0 0x0 0x0
VERBOSE: SPM(0): 0x8400006f 0x8001 0x0 0x8a816 0x0 0x0 0x0 0x0
VERBOSE: SPM(0): 0x84000070 0x80010000 0x0 0x0 0x0 0x0 0x0 0x0
VERBOSE: SPM(0): 0xc4000066 0x8811a000 0x8811c000 0x1 0x0 0x0 0x0 0x0
VERBOSE: SPM(0): 0x84000061 0x0 0x0 0x0 0x0 0x0 0x0 0x0
VERBOSE: SPM(0): 0x8400006f 0x8001 0x0 0x8a816 0x84000072 0x0 0x0 0x0
VERBOSE: SPM(0): 0x84000070 0x80010000 0x0 0x0 0x0 0x0 0x0 0x0
VERBOSE: SPM(0): 0x84000072 0x70 0x70 0x0 0x0 0x0 0x0 0x0
VERBOSE: SPM(0): 0x84000061 0x0 0x0 0x0 0x0 0x0 0x0 0x0
VERBOSE: SPM(0): 0xc400006f 0x8001 0x0 0x0 0xaabbccdd 0x0 0x0 0x0
VERBOSE: SPM(0): 0xc4000070 0x80010000 0x0 0x0 0x0 0x0 0x0 0x0
VERBOSE: SPM(0): 0x84000077 0x0 0x0 0x0 0x0 0x0 0x0 0x0
VERBOSE: SPM(0): 0x84000061 0x0 0x0 0x0 0x0 0x0 0x0 0x0
VERBOSE: SPM(0): 0x84000067 0x0 0x0 0x0 0x0 0x0 0x0 0x0
VERBOSE: SPM(0): 0x84000061 0x0 0x0 0x0 0x0 0x0 0x0 0x0
VERBOSE: SPM(0): 0x8400006f 0x8001 0x0 0x8a816 0x0 0x0 0x0 0x0
VERBOSE: SPM(0): 0x84000070 0x80010000 0x0 0x0 0x0 0x0 0x0 0x0
VERBOSE: SPM(0): 0x84000069 0x0 0x0 0x0 0x0 0x0 0x0 0x0
VERBOSE: SPM(0): 0x8400006f 0x8001 0x0 0x10816 0x0 0x0 0x0 0x0
VERBOSE: SPM(0): 0x84000070 0x80010000 0x0 0x0 0x0 0x0 0x0 0x0
VERBOSE: SPM(0): 0xc4000066 0x8811a000 0x8811c000 0x1 0x0 0x0 0x0 0x0
VERBOSE: SPM(0): 0x84000061 0x0 0x0 0x0 0x0 0x0 0x0 0x0
VERBOSE: SPM(0): 0xc4000072 0x70 0x70 0x0 0x0 0x0 0x0 0x0
VERBOSE: SPM(0): 0x84000061 0x0 0x0 0x0 0x0 0x0 0x0 0x0
VERBOSE: SPM(0): 0xc4000072 0x70 0x70 0x0 0x0 0x0 0x0 0x0
VERBOSE: SPM(0): 0x84000060 0x0 0xfffffffa 0x0 0x0 0x0 0x0 0x0
VERBOSE: SPM(0): 0x84000077 0x0 0x0 0x0 0x0 0x0 0x0 0x0
VERBOSE: SPM(0): 0x84000061 0x0 0x0 0x0 0x0 0x0 0x0 0x0
VERBOSE: SPM(0): 0xc4000072 0x70 0x70 0x0 0x0 0x0 0x0 0x0
VERBOSE: SPM(0): 0x84000060 0x0 0xfffffffe 0x0 0x0 0x0 0x0 0x0
VERBOSE: SPM(0): 0xc4000072 0x70 0x70 0x0 0x0 0x0 0x0 0x0
VERBOSE: SPM(0): 0x84000060 0x0 0xfffffffe 0x0 0x0 0x0 0x0 0x0
VERBOSE: SPM(0): 0x84000067 0x0 0x0 0x0 0x0 0x0 0x0 0x0
VERBOSE: SPM(0): 0x84000061 0x0 0x0 0x0 0x0 0x0 0x0 0x0
VERBOSE: SPM(0): 0xc4000066 0x8811a000 0x8811c000 0x1 0x0 0x0 0x0 0x0
VERBOSE: SPM(0): 0x84000061 0x0 0x0 0x0 0x0 0x0 0x0 0x0
VERBOSE: SPM(0): 0x84000072 0x70 0x70 0x0 0x0 0x0 0x0 0x0
VERBOSE: SPM(0): 0x84000061 0x0 0x0 0x0 0x0 0x0 0x0 0x0
VERBOSE: SPM(0): 0x84000072 0x70 0x70 0x0 0x0 0x0 0x0 0x0
VERBOSE: SPM(0): 0x84000060 0x0 0xfffffffa 0x0 0x0 0x0 0x0 0x0
VERBOSE: SPM(0): 0x84000077 0x0 0x0 0x0 0x0 0x0 0x0 0x0
VERBOSE: SPM(0): 0x84000061 0x0 0x0 0x0 0x0 0x0 0x0 0x0
VERBOSE: SPM(0): 0x84000072 0x70 0x70 0x0 0x0 0x0 0x0 0x0
VERBOSE: SPM(0): 0x84000060 0x0 0xfffffffe 0x0 0x0 0x0 0x0 0x0
VERBOSE: SPM(0): 0x84000072 0x70 0x70 0x0 0x0 0x0 0x0 0x0
VERBOSE: SPM(0): 0x84000060 0x0 0xfffffffe 0x0 0x0 0x0 0x0 0x0
VERBOSE: SPM(0): 0x84000067 0x0 0x0 0x0 0x0 0x0 0x0 0x0
VERBOSE: SPM(0): 0x84000061 0x0 0x0 0x0 0x0 0x0 0x0 0x0
VERBOSE: SPM(0): 0x84000069 0x0 0x0 0x0 0x0 0x0 0x0 0x0
VERBOSE: SPM(0): 0x8400006f 0x8001 0x0 0x817 0x0 0x0 0x0 0x0
VERBOSE: SPM(0): 0x84000070 0x80010000 0x0 0x0 0x0 0x0 0x0 0x0
VERBOSE: SPM(0): 0xc4000066 0x8811a000 0x8811c000 0x1 0x0 0x0 0x0 0x0
VERBOSE: SPM(0): 0x84000061 0x0 0x0 0x0 0x0 0x0 0x0 0x0
VERBOSE: SPM(0): 0xc4000072 0x90 0x90 0x0 0x0 0x0 0x0 0x0
VERBOSE: SPM(0): 0x84000060 0x0 0xfffffffe 0x0 0x0 0x0 0x0 0x0
VERBOSE: SPM(0): 0x84000067 0x0 0x0 0x0 0x0 0x0 0x0 0x0
VERBOSE: SPM(0): 0x84000061 0x0 0x0 0x0 0x0 0x0 0x0 0x0
VERBOSE: SPM(0): 0xc4000066 0x8811a000 0x8811c000 0x1 0x0 0x0 0x0 0x0
VERBOSE: SPM(0): 0x84000061 0x0 0x0 0x0 0x0 0x0 0x0 0x0
VERBOSE: SPM(0): 0x84000072 0x90 0x90 0x0 0x0 0x0 0x0 0x0
VERBOSE: SPM(0): 0x84000060 0x0 0xfffffffe 0x0 0x0 0x0 0x0 0x0
VERBOSE: SPM(0): 0x84000067 0x0 0x0 0x0 0x0 0x0 0x0 0x0
VERBOSE: SPM(0): 0x84000061 0x0 0x0 0x0 0x0 0x0 0x0 0x0
VERBOSE: SPM(0): 0x84000069 0x0 0x0 0x0 0x0 0x0 0x0 0x0
VERBOSE: SPM(0): 0x8400006f 0x8001 0x0 0x818 0x0 0x0 0x0 0x0
VERBOSE: SPM(0): 0x84000070 0x80010000 0x0 0x0 0x0 0x0 0x0 0x0
VERBOSE: SPM(0): 0xc4000066 0x8811a000 0x8811c000 0x1 0x0 0x0 0x0 0x0
VERBOSE: SPM(0): 0x84000061 0x0 0x0 0x0 0x0 0x0 0x0 0x0
VERBOSE: SPM(0): 0x8400006f 0x8001 0x0 0x8a819 0xc4000072 0x0 0x0 0x0
VERBOSE: SPM(0): 0x84000070 0x80010000 0x0 0x0 0x0 0x0 0x0 0x0
VERBOSE: SPM(0): 0xc4000072 0x70 0x70 0x0 0x0 0x0 0x0 0x0
VERBOSE: SPM(0): 0x84000061 0x0 0x0 0x0 0x0 0x0 0x0 0x0
VERBOSE: SPM(0): 0xc400006f 0x8001 0x0 0x0 0x0 0x0 0x0 0x0
VERBOSE: SPM(0): 0xc4000070 0x80010000 0x0 0x0 0x0 0x0 0x0 0x0
VERBOSE: SPM(0): 0x84000077 0x0 0x0 0x0 0x0 0x0 0x0 0x0
VERBOSE: SPM(0): 0x84000061 0x0 0x0 0x0 0x0 0x0 0x0 0x0
VERBOSE: SPM(0): 0x84000067 0x0 0x0 0x0 0x0 0x0 0x0 0x0
VERBOSE: SPM(0): 0x84000061 0x0 0x0 0x0 0x0 0x0 0x0 0x0
VERBOSE: SPM(0): 0x8400006f 0x8001 0x0 0x8a819 0x0 0x0 0x0 0x0
VERBOSE: SPM(0): 0x84000070 0x80010000 0x0 0x0 0x0 0x0 0x0 0x0
VERBOSE: SPM(0): 0xc4000066 0x8811a000 0x8811c000 0x1 0x0 0x0 0x0 0x0
VERBOSE: SPM(0): 0x84000061 0x0 0x0 0x0 0x0 0x0 0x0 0x0
VERBOSE: SPM(0): 0x8400006f 0x8001 0x0 0x8a819 0x84000072 0x0 0x0 0x0
VERBOSE: SPM(0): 0x84000070 0x80010000 0x0 0x0 0x0 0x0 0x0 0x0
VERBOSE: SPM(0): 0x84000072 0x70 0x70 0x0 0x0 0x0 0x0 0x0
VERBOSE: SPM(0): 0x84000061 0x0 0x0 0x0 0x0 0x0 0x0 0x0
VERBOSE: SPM(0): 0xc400006f 0x8001 0x0 0x0 0x0 0x0 0x0 0x0
VERBOSE: SPM(0): 0xc4000070 0x80010000 0x0 0x0 0x0 0x0 0x0 0x0
VERBOSE: SPM(0): 0x84000077 0x0 0x0 0x0 0x0 0x0 0x0 0x0
VERBOSE: SPM(0): 0x84000061 0x0 0x0 0x0 0x0 0x0 0x0 0x0
VERBOSE: SPM(0): 0x84000067 0x0 0x0 0x0 0x0 0x0 0x0 0x0
VERBOSE: SPM(0): 0x84000061 0x0 0x0 0x0 0x0 0x0 0x0 0x0
VERBOSE: SPM(0): 0x8400006f 0x8001 0x0 0x8a819 0x0 0x0 0x0 0x0
VERBOSE: SPM(0): 0x84000070 0x80010000 0x0 0x0 0x0 0x0 0x0 0x0
VERBOSE: SPM(0): 0x84000069 0x0 0x0 0x0 0x0 0x0 0x0 0x0
VERBOSE: SPM(0): 0x8400006f 0x8001 0x0 0x10819 0x0 0x0 0x0 0x0
VERBOSE: SPM(0): 0x84000070 0x80010000 0x0 0x0 0x0 0x0 0x0 0x0
VERBOSE: SPM(0): 0x84000069 0x0 0x0 0x0 0x0 0x0 0x0 0x0
VERBOSE: SPM(0): 0x8400006f 0x8001 0x0 0x1081a 0x0 0x0 0x0 0x0
VERBOSE: SPM(0): 0x84000070 0x80010000 0x0 0x0 0x0 0x0 0x0 0x0
VERBOSE: SPM(0): 0xc4000066 0x8811a000 0x8811c000 0x1 0x0 0x0 0x0 0x0
VERBOSE: SPM(0): 0x84000061 0x0 0x0 0x0 0x0 0x0 0x0 0x0
VERBOSE: SPM(0): 0x8400006f 0x8002 0x0 0x9281a 0xc4000072 0x0 0x0 0x0
VERBOSE: SPM(0): 0x84000070 0x80020000 0x0 0x0 0x0 0x0 0x0 0x0
VERBOSE: SPM(0): 0xc4000072 0x70 0x70 0x0 0x0 0x0 0x0 0x0
VERBOSE: SPM(0): 0x84000061 0x0 0x0 0x0 0x0 0x0 0x0 0x0
VERBOSE: SPM(0): 0xc400006f 0x8002 0x0 0x0 0x0 0x0 0x0 0x0
VERBOSE: SPM(0): 0xc4000070 0x80020000 0x0 0x0 0x0 0x0 0x0 0x0
VERBOSE: SPM(0): 0x84000077 0x0 0x0 0x0 0x0 0x0 0x0 0x0
VERBOSE: SPM(0): 0x84000061 0x0 0x0 0x0 0x0 0x0 0x0 0x0
VERBOSE: SPM(0): 0x84000067 0x0 0x0 0x0 0x0 0x0 0x0 0x0
VERBOSE: SPM(0): 0x84000061 0x0 0x0 0x0 0x0 0x0 0x0 0x0
VERBOSE: SPM(0): 0x8400006f 0x8002 0x0 0x9281a 0x0 0x0 0x0 0x0
VERBOSE: SPM(0): 0x84000070 0x80020000 0x0 0x0 0x0 0x0 0x0 0x0
VERBOSE: SPM(0): 0xc4000066 0x8811a000 0x8811c000 0x1 0x0 0x0 0x0 0x0
VERBOSE: SPM(0): 0x84000061 0x0 0x0 0x0 0x0 0x0 0x0 0x0
VERBOSE: SPM(0): 0x8400006f 0x8002 0x0 0x9281a 0x84000072 0x0 0x0 0x0
VERBOSE: SPM(0): 0x84000070 0x80020000 0x0 0x0 0x0 0x0 0x0 0x0
VERBOSE: SPM(0): 0x84000072 0x70 0x70 0x0 0x0 0x0 0x0 0x0
VERBOSE: SPM(0): 0x84000061 0x0 0x0 0x0 0x0 0x0 0x0 0x0
VERBOSE: SPM(0): 0xc400006f 0x8002 0x0 0x0 0x0 0x0 0x0 0x0
VERBOSE: SPM(0): 0xc4000070 0x80020000 0x0 0x0 0x0 0x0 0x0 0x0
VERBOSE: SPM(0): 0x84000077 0x0 0x0 0x0 0x0 0x0 0x0 0x0
VERBOSE: SPM(0): 0x84000061 0x0 0x0 0x0 0x0 0x0 0x0 0x0
VERBOSE: SPM(0): 0x84000067 0x0 0x0 0x0 0x0 0x0 0x0 0x0
VERBOSE: SPM(0): 0x84000061 0x0 0x0 0x0 0x0 0x0 0x0 0x0
VERBOSE: SPM(0): 0x8400006f 0x8002 0x0 0x9281a 0x0 0x0 0x0 0x0
VERBOSE: SPM(0): 0x84000070 0x80020000 0x0 0x0 0x0 0x0 0x0 0x0
VERBOSE: SPM(0): 0x84000069 0x0 0x0 0x0 0x0 0x0 0x0 0x0
VERBOSE: SPM(0): 0x8400006f 0x8001 0x0 0x1081b 0x0 0x0 0x0 0x0
VERBOSE: SPM(0): 0x84000070 0x80010000 0x0 0x0 0x0 0x0 0x0 0x0
VERBOSE: SPM(0): 0xc4000066 0x8811a000 0x8811c000 0x1 0x0 0x0 0x0 0x0
VERBOSE: SPM(0): 0x84000061 0x0 0x0 0x0 0x0 0x0 0x0 0x0
VERBOSE: SPM(0): 0x8400006f 0x8002 0x0 0x9281b 0xc4000072 0x0 0x0 0x0
VERBOSE: SPM(0): 0x84000070 0x80020000 0x0 0x0 0x0 0x0 0x0 0x0
VERBOSE: SPM(0): 0xc4000072 0x70 0x70 0x0 0x0 0x0 0x0 0x0
VERBOSE: SPM(0): 0x84000061 0x0 0x0 0x0 0x0 0x0 0x0 0x0
VERBOSE: SPM(0): 0xc400006f 0x8002 0x0 0x0 0x0 0x0 0x0 0x0
VERBOSE: SPM(0): 0xc4000070 0x80020000 0x0 0x0 0x0 0x0 0x0 0x0
VERBOSE: SPM(0): 0x84000077 0x0 0x0 0x0 0x0 0x0 0x0 0x0
VERBOSE: SPM(0): 0x84000061 0x0 0x0 0x0 0x0 0x0 0x0 0x0
VERBOSE: SPM(0): 0x84000067 0x0 0x0 0x0 0x0 0x0 0x0 0x0
VERBOSE: SPM(0): 0x84000061 0x0 0x0 0x0 0x0 0x0 0x0 0x0
VERBOSE: SPM(0): 0x8400006f 0x8002 0x0 0x9281b 0x0 0x0 0x0 0x0
VERBOSE: SPM(0): 0x84000070 0x80020000 0x0 0x0 0x0 0x0 0x0 0x0
VERBOSE: SPM(0): 0xc4000066 0x8811a000 0x8811c000 0x1 0x0 0x0 0x0 0x0
VERBOSE: SPM(0): 0x84000061 0x0 0x0 0x0 0x0 0x0 0x0 0x0
VERBOSE: SPM(0): 0x8400006f 0x8002 0x0 0x9281b 0x84000072 0x0 0x0 0x0
VERBOSE: SPM(0): 0x84000070 0x80020000 0x0 0x0 0x0 0x0 0x0 0x0
VERBOSE: SPM(0): 0x84000072 0x70 0x70 0x0 0x0 0x0 0x0 0x0
VERBOSE: SPM(0): 0x84000061 0x0 0x0 0x0 0x0 0x0 0x0 0x0
VERBOSE: SPM(0): 0xc400006f 0x8002 0x0 0x0 0x0 0x0 0x0 0x0
VERBOSE: SPM(0): 0xc4000070 0x80020000 0x0 0x0 0x0 0x0 0x0 0x0
VERBOSE: SPM(0): 0x84000077 0x0 0x0 0x0 0x0 0x0 0x0 0x0
VERBOSE: SPM(0): 0x84000061 0x0 0x0 0x0 0x0 0x0 0x0 0x0
VERBOSE: SPM(0): 0x84000067 0x0 0x0 0x0 0x0 0x0 0x0 0x0
VERBOSE: SPM(0): 0x84000061 0x0 0x0 0x0 0x0 0x0 0x0 0x0
VERBOSE: SPM(0): 0x8400006f 0x8002 0x0 0x9281b 0x0 0x0 0x0 0x0
VERBOSE: SPM(0): 0x84000070 0x80020000 0x0 0x0 0x0 0x0 0x0 0x0
VERBOSE: SPM(0): 0xc4000066 0x8811a000 0x8811c000 0x1 0x0 0x0 0x0 0x0
VERBOSE: SPM(0): 0x84000061 0x0 0x0 0x0 0x0 0x0 0x0 0x0
VERBOSE: SPM(0): 0x8400006f 0x8002 0x0 0x9281c 0xc4000072 0x0 0x0 0x0
VERBOSE: SPM(0): 0x84000070 0x80020000 0x0 0x0 0x0 0x0 0x0 0x0
VERBOSE: SPM(0): 0xc4000072 0x70 0x70 0x0 0x0 0x0 0x0 0x0
VERBOSE: SPM(0): 0x84000061 0x0 0x0 0x0 0x0 0x0 0x0 0x0
VERBOSE: SPM(0): 0xc400006f 0x8002 0x0 0x0 0x0 0x0 0x0 0x0
VERBOSE: SPM(0): 0xc4000070 0x80020000 0x0 0x0 0x0 0x0 0x0 0x0
VERBOSE: SPM(0): 0x84000077 0x0 0x0 0x0 0x0 0x0 0x0 0x0
VERBOSE: SPM(0): 0x84000061 0x0 0x0 0x0 0x0 0x0 0x0 0x0
VERBOSE: SPM(0): 0x84000067 0x0 0x0 0x0 0x0 0x0 0x0 0x0
VERBOSE: SPM(0): 0x84000061 0x0 0x0 0x0 0x0 0x0 0x0 0x0
VERBOSE: SPM(0): 0x8400006f 0x8002 0x0 0x9281c 0x0 0x0 0x0 0x0
VERBOSE: SPM(0): 0x84000070 0x80020000 0x0 0x0 0x0 0x0 0x0 0x0
VERBOSE: SPM(0): 0xc4000066 0x8811a000 0x8811c000 0x1 0x0 0x0 0x0 0x0
VERBOSE: SPM(0): 0x84000061 0x0 0x0 0x0 0x0 0x0 0x0 0x0
VERBOSE: SPM(0): 0x8400006f 0x8002 0x0 0x9281c 0x84000072 0x0 0x0 0x0
VERBOSE: SPM(0): 0x84000070 0x80020000 0x0 0x0 0x0 0x0 0x0 0x0
VERBOSE: SPM(0): 0x84000072 0x70 0x70 0x0 0x0 0x0 0x0 0x0
VERBOSE: SPM(0): 0x84000061 0x0 0x0 0x0 0x0 0x0 0x0 0x0
VERBOSE: SPM(0): 0xc400006f 0x8002 0x0 0x0 0x0 0x0 0x0 0x0
VERBOSE: SPM(0): 0xc4000070 0x80020000 0x0 0x0 0x0 0x0 0x0 0x0
VERBOSE: SPM(0): 0x84000077 0x0 0x0 0x0 0x0 0x0 0x0 0x0
VERBOSE: SPM(0): 0x84000061 0x0 0x0 0x0 0x0 0x0 0x0 0x0
VERBOSE: SPM(0): 0x84000067 0x0 0x0 0x0 0x0 0x0 0x0 0x0
VERBOSE: SPM(0): 0x84000061 0x0 0x0 0x0 0x0 0x0 0x0 0x0
VERBOSE: SPM(0): 0x8400006f 0x8002 0x0 0x9281c 0x0 0x0 0x0 0x0
VERBOSE: SPM(0): 0x84000070 0x80020000 0x0 0x0 0x0 0x0 0x0 0x0
VERBOSE: SPM(0): 0x84000069 0x0 0x0 0x0 0x0 0x0 0x0 0x0
VERBOSE: SPM(0): 0x8400006f 0x8001 0x0 0x1081c 0x0 0x0 0x0 0x0
VERBOSE: SPM(0): 0x84000070 0x80010000 0x0 0x0 0x0 0x0 0x0 0x0
VERBOSE: SPM(0): 0xc4000066 0x8811a000 0x8811c000 0x1 0x0 0x0 0x0 0x0
VERBOSE: SPM(0): 0x84000061 0x0 0x0 0x0 0x0 0x0 0x0 0x0
VERBOSE: SPM(0): 0x8400006f 0x8002 0x0 0x9281d 0xc4000072 0x0 0x0 0x0
VERBOSE: SPM(0): 0x84000070 0x80020000 0x0 0x0 0x0 0x0 0x0 0x0
VERBOSE: SPM(0): 0xc4000072 0x70 0x70 0x0 0x0 0x0 0x0 0x0
VERBOSE: SPM(0): 0x84000061 0x0 0x0 0x0 0x0 0x0 0x0 0x0
VERBOSE: SPM(0): 0xc400006f 0x8002 0x0 0x0 0x0 0x0 0x0 0x0
VERBOSE: SPM(0): 0xc4000070 0x80020000 0x0 0x0 0x0 0x0 0x0 0x0
VERBOSE: SPM(0): 0x84000077 0x0 0x0 0x0 0x0 0x0 0x0 0x0
VERBOSE: SPM(0): 0x84000061 0x0 0x0 0x0 0x0 0x0 0x0 0x0
VERBOSE: SPM(0): 0x84000067 0x0 0x0 0x0 0x0 0x0 0x0 0x0
VERBOSE: SPM(0): 0x84000061 0x0 0x0 0x0 0x0 0x0 0x0 0x0
VERBOSE: SPM(0): 0x8400006f 0x8002 0x0 0x9281d 0x0 0x0 0x0 0x0
VERBOSE: SPM(0): 0x84000070 0x80020000 0x0 0x0 0x0 0x0 0x0 0x0
VERBOSE: SPM(0): 0xc4000066 0x8811a000 0x8811c000 0x1 0x0 0x0 0x0 0x0
VERBOSE: SPM(0): 0x84000061 0x0 0x0 0x0 0x0 0x0 0x0 0x0
VERBOSE: SPM(0): 0x8400006f 0x8002 0x0 0x9281d 0x84000072 0x0 0x0 0x0
VERBOSE: SPM(0): 0x84000070 0x80020000 0x0 0x0 0x0 0x0 0x0 0x0
VERBOSE: SPM(0): 0x84000072 0x70 0x70 0x0 0x0 0x0 0x0 0x0
VERBOSE: SPM(0): 0x84000061 0x0 0x0 0x0 0x0 0x0 0x0 0x0
VERBOSE: SPM(0): 0xc400006f 0x8002 0x0 0x0 0x0 0x0 0x0 0x0
VERBOSE: SPM(0): 0xc4000070 0x80020000 0x0 0x0 0x0 0x0 0x0 0x0
VERBOSE: SPM(0): 0x84000077 0x0 0x0 0x0 0x0 0x0 0x0 0x0
VERBOSE: SPM(0): 0x84000061 0x0 0x0 0x0 0x0 0x0 0x0 0x0
VERBOSE: SPM(0): 0x84000067 0x0 0x0 0x0 0x0 0x0 0x0 0x0
VERBOSE: SPM(0): 0x84000061 0x0 0x0 0x0 0x0 0x0 0x0 0x0
VERBOSE: SPM(0): 0x8400006f 0x8002 0x0 0x9281d 0x0 0x0 0x0 0x0
VERBOSE: SPM(0): 0x84000070 0x80020000 0x0 0x0 0x0 0x0 0x0 0x0
VERBOSE: SPM(0): 0x84000069 0x0 0x0 0x0 0x0 0x0 0x0 0x0
VERBOSE: SPM(0): 0x8400006f 0x8001 0x0 0x1081d 0x0 0x0 0x0 0x0
VERBOSE: SPM(0): 0x84000070 0x80010000 0x0 0x0 0x0 0x0 0x0 0x0
VERBOSE: SPM(0): 0x84000069 0x0 0x0 0x0 0x0 0x0 0x0 0x0
VERBOSE: SPM(0): 0x8400006f 0x8001 0x0 0x1081e 0x0 0x0 0x0 0x0
VERBOSE: SPM(0): 0x84000070 0x80010000 0x0 0x0 0x0 0x0 0x0 0x0
VERBOSE: SPM(0): 0x84000069 0x0 0x0 0x0 0x0 0x0 0x0 0x0
VERBOSE: SPM(0): 0x8400006f 0x8002 0x0 0x901e 0x0 0x0 0x0 0x0
VERBOSE: SPM(0): 0x84000070 0x80020000 0x0 0x0 0x0 0x0 0x0 0x0
VERBOSE: SPM(0): 0xc4000066 0x8811a000 0x8811c000 0x1 0x0 0x0 0x0 0x0
VERBOSE: SPM(0): 0x84000061 0x0 0x0 0x0 0x0 0x0 0x0 0x0
VERBOSE: SPM(0): 0xc4000072 0x70 0x70 0x0 0x0 0x0 0x0 0x0
VERBOSE: SPM(0): 0x84000061 0x0 0x0 0x0 0x0 0x0 0x0 0x0
VERBOSE: SPM(0): 0xc4000071 0x70 0x70 0x0 0x0 0x0 0x0 0x0
VERBOSE: SPM(0): 0x84000060 0x0 0xfffffffa 0x0 0x0 0x0 0x0 0x0
VERBOSE: SPM(0): 0x84000077 0x0 0x0 0x0 0x0 0x0 0x0 0x0
VERBOSE: SPM(0): 0x84000061 0x0 0x0 0x0 0x0 0x0 0x0 0x0
VERBOSE: SPM(0): 0x84000067 0x0 0x0 0x0 0x0 0x0 0x0 0x0
VERBOSE: SPM(0): 0x84000061 0x0 0x0 0x0 0x0 0x0 0x0 0x0
VERBOSE: SPM(0): 0xc4000066 0x8811a000 0x8811c000 0x1 0x0 0x0 0x0 0x0
VERBOSE: SPM(0): 0x84000061 0x0 0x0 0x0 0x0 0x0 0x0 0x0
VERBOSE: SPM(0): 0xc4000072 0x70 0x70 0x0 0x0 0x0 0x0 0x0
VERBOSE: SPM(0): 0x84000061 0x0 0x0 0x0 0x0 0x0 0x0 0x0
VERBOSE: SPM(0): 0x84000071 0x70 0x70 0x0 0x0 0x0 0x0 0x0
VERBOSE: SPM(0): 0x84000060 0x0 0xfffffffa 0x0 0x0 0x0 0x0 0x0
VERBOSE: SPM(0): 0x84000077 0x0 0x0 0x0 0x0 0x0 0x0 0x0
VERBOSE: SPM(0): 0x84000061 0x0 0x0 0x0 0x0 0x0 0x0 0x0
VERBOSE: SPM(0): 0x84000067 0x0 0x0 0x0 0x0 0x0 0x0 0x0
VERBOSE: SPM(0): 0x84000061 0x0 0x0 0x0 0x0 0x0 0x0 0x0
VERBOSE: SPM(0): 0x84000069 0x0 0x0 0x0 0x0 0x0 0x0 0x0
VERBOSE: SPM(0): 0x8400006f 0x8001 0x0 0x81f 0x0 0x0 0x0 0x0
VERBOSE: SPM(0): 0x84000070 0x80010000 0x0 0x0 0x0 0x0 0x0 0x0
VERBOSE: SPM(0): 0x84000069 0x0 0x0 0x0 0x0 0x0 0x0 0x0
VERBOSE: SPM(0): 0x8400006f 0x8001 0x0 0x10820 0x0 0x0 0x0 0x0
VERBOSE: SPM(0): 0x84000070 0x80010000 0x0 0x0 0x0 0x0 0x0 0x0
VERBOSE: SPM(0): 0x84000069 0x0 0x0 0x0 0x0 0x0 0x0 0x0
VERBOSE: SPM(0): 0x8400006f 0x8001 0x0 0x10821 0x0 0x0 0x0 0x0
VERBOSE: SPM(0): 0x84000070 0x80010000 0x0 0x0 0x0 0x0 0x0 0x0
VERBOSE: SPM(0): 0xc4000066 0x8811a000 0x8811c000 0x1 0x0 0x0 0x0 0x0
VERBOSE: SPM(0): 0x84000061 0x0 0x0 0x0 0x0 0x0 0x0 0x0
VERBOSE: SPM(0): 0x8400006f 0x8001 0x0 0x8a822 0xc4000072 0x0 0x0 0x0
VERBOSE: SPM(0): 0x84000070 0x80010000 0x0 0x0 0x0 0x0 0x0 0x0
VERBOSE: SPM(0): 0xc4000072 0x70 0x70 0x0 0x0 0x0 0x0 0x0
VERBOSE: SPM(0): 0x84000061 0x0 0x0 0x0 0x0 0x0 0x0 0x0
VERBOSE: SPM(0): 0xc400006f 0x8001 0x0 0x0 0x0 0x0 0x0 0x0
VERBOSE: SPM(0): 0xc4000070 0x80010000 0x0 0x0 0x0 0x0 0x0 0x0
VERBOSE: SPM(0): 0x84000077 0x0 0x0 0x0 0x0 0x0 0x0 0x0
VERBOSE: SPM(0): 0x84000061 0x0 0x0 0x0 0x0 0x0 0x0 0x0
VERBOSE: SPM(0): 0x84000067 0x0 0x0 0x0 0x0 0x0 0x0 0x0
VERBOSE: SPM(0): 0x84000061 0x0 0x0 0x0 0x0 0x0 0x0 0x0
VERBOSE: SPM(0): 0x8400006f 0x8001 0x0 0x8a822 0x0 0x0 0x0 0x0
VERBOSE: SPM(0): 0x84000070 0x80010000 0x0 0x0 0x0 0x0 0x0 0x0
VERBOSE: SPM(0): 0xc4000066 0x8811a000 0x8811c000 0x1 0x0 0x0 0x0 0x0
VERBOSE: SPM(0): 0x84000061 0x0 0x0 0x0 0x0 0x0 0x0 0x0
VERBOSE: SPM(0): 0x8400006f 0x8001 0x0 0x8a822 0x84000072 0x0 0x0 0x0
VERBOSE: SPM(0): 0x84000070 0x80010000 0x0 0x0 0x0 0x0 0x0 0x0
VERBOSE: SPM(0): 0x84000072 0x70 0x70 0x0 0x0 0x0 0x0 0x0
VERBOSE: SPM(0): 0x84000061 0x0 0x0 0x0 0x0 0x0 0x0 0x0
VERBOSE: SPM(0): 0xc400006f 0x8001 0x0 0x0 0x0 0x0 0x0 0x0
VERBOSE: SPM(0): 0xc4000070 0x80010000 0x0 0x0 0x0 0x0 0x0 0x0
VERBOSE: SPM(0): 0x84000077 0x0 0x0 0x0 0x0 0x0 0x0 0x0
VERBOSE: SPM(0): 0x84000061 0x0 0x0 0x0 0x0 0x0 0x0 0x0
VERBOSE: SPM(0): 0x84000067 0x0 0x0 0x0 0x0 0x0 0x0 0x0
VERBOSE: SPM(0): 0x84000061 0x0 0x0 0x0 0x0 0x0 0x0 0x0
VERBOSE: SPM(0): 0x8400006f 0x8001 0x0 0x8a822 0x0 0x0 0x0 0x0
VERBOSE: SPM(0): 0x84000070 0x80010000 0x0 0x0 0x0 0x0 0x0 0x0
VERBOSE: SPM(0): 0x84000069 0x0 0x0 0x0 0x0 0x0 0x0 0x0
VERBOSE: SPM(0): 0x8400006f 0x8001 0x0 0x10822 0x0 0x0 0x0 0x0
VERBOSE: SPM(0): 0x84000070 0x80010000 0x0 0x0 0x0 0x0 0x0 0x0
VERBOSE: SPM(0): 0xc4000066 0x8811a000 0x8811c000 0x1 0x0 0x0 0x0 0x0
VERBOSE: SPM(0): 0x84000061 0x0 0x0 0x0 0x0 0x0 0x0 0x0
VERBOSE: SPM(0): 0x8400006f 0x8001 0x0 0x8a823 0xc4000073 0x0 0x0 0x0
VERBOSE: SPM(0): 0x84000070 0x80010000 0x0 0x0 0x0 0x0 0x0 0x0
VERBOSE: SPM(0): 0xc4000073 0x70 0x70 0x0 0x0 0x0 0x0 0x0
VERBOSE: SPM(0): 0x84000061 0x0 0x0 0x0 0x0 0x0 0x0 0x0
VERBOSE: SPM(0): 0xc400006f 0x8001 0x0 0x0 0x0 0x0 0x0 0x0
VERBOSE: SPM(0): 0xc4000070 0x80010000 0x0 0x0 0x0 0x0 0x0 0x0
VERBOSE: SPM(0): 0x84000077 0x0 0x0 0x0 0x0 0x0 0x0 0x0
VERBOSE: SPM(0): 0x84000061 0x0 0x0 0x0 0x0 0x0 0x0 0x0
VERBOSE: SPM(0): 0x84000067 0x0 0x0 0x0 0x0 0x0 0x0 0x0
VERBOSE: SPM(0): 0x84000061 0x0 0x0 0x0 0x0 0x0 0x0 0x0
VERBOSE: SPM(0): 0x8400006f 0x8001 0x0 0x8a823 0x0 0x0 0x0 0x0
VERBOSE: SPM(0): 0x84000070 0x80010000 0x0 0x0 0x0 0x0 0x0 0x0
VERBOSE: SPM(0): 0xc4000066 0x8811a000 0x8811c000 0x1 0x0 0x0 0x0 0x0
VERBOSE: SPM(0): 0x84000061 0x0 0x0 0x0 0x0 0x0 0x0 0x0
VERBOSE: SPM(0): 0x8400006f 0x8001 0x0 0x8a823 0x84000073 0x0 0x0 0x0
VERBOSE: SPM(0): 0x84000070 0x80010000 0x0 0x0 0x0 0x0 0x0 0x0
VERBOSE: SPM(0): 0x84000073 0x70 0x70 0x0 0x0 0x0 0x0 0x0
VERBOSE: SPM(0): 0x84000061 0x0 0x0 0x0 0x0 0x0 0x0 0x0
VERBOSE: SPM(0): 0xc400006f 0x8001 0x0 0x0 0x0 0x0 0x0 0x0
VERBOSE: SPM(0): 0xc4000070 0x80010000 0x0 0x0 0x0 0x0 0x0 0x0
VERBOSE: SPM(0): 0x84000077 0x0 0x0 0x0 0x0 0x0 0x0 0x0
VERBOSE: SPM(0): 0x84000061 0x0 0x0 0x0 0x0 0x0 0x0 0x0
VERBOSE: SPM(0): 0x84000067 0x0 0x0 0x0 0x0 0x0 0x0 0x0
VERBOSE: SPM(0): 0x84000061 0x0 0x0 0x0 0x0 0x0 0x0 0x0
VERBOSE: SPM(0): 0x8400006f 0x8001 0x0 0x8a823 0x0 0x0 0x0 0x0
VERBOSE: SPM(0): 0x84000070 0x80010000 0x0 0x0 0x0 0x0 0x0 0x0
VERBOSE: SPM(0): 0x84000069 0x0 0x0 0x0 0x0 0x0 0x0 0x0
VERBOSE: SPM(0): 0x8400006f 0x8001 0x0 0x10823 0x0 0x0 0x0 0x0
VERBOSE: SPM(0): 0x84000070 0x80010000 0x0 0x0 0x0 0x0 0x0 0x0
VERBOSE: SPM(0): 0x84000069 0x0 0x0 0x0 0x0 0x0 0x0 0x0
VERBOSE: SPM(0): 0x8400006f 0x8001 0x0 0x10824 0x0 0x0 0x0 0x0
VERBOSE: SPM(0): 0x84000070 0x80010000 0x0 0x0 0x0 0x0 0x0 0x0
VERBOSE: SPM(0): 0xc4000066 0x8811a000 0x8811c000 0x1 0x0 0x0 0x0 0x0
VERBOSE: SPM(0): 0x84000061 0x0 0x0 0x0 0x0 0x0 0x0 0x0
VERBOSE: SPM(0): 0x8400006f 0x8002 0x0 0x92824 0xc4000073 0x0 0x0 0x0
VERBOSE: SPM(0): 0x84000070 0x80020000 0x0 0x0 0x0 0x0 0x0 0x0
VERBOSE: SPM(0): 0xc4000073 0x70 0x70 0x0 0x0 0x0 0x0 0x0
VERBOSE: SPM(0): 0x84000061 0x0 0x0 0x0 0x0 0x0 0x0 0x0
VERBOSE: SPM(0): 0x84000077 0x0 0x10 0x0 0x0 0x0 0x0 0x0
VERBOSE: SPM(0): 0x84000060 0x0 0xfffffffe 0x0 0x0 0x0 0x0 0x0
VERBOSE: SPM(0): 0xc400006f 0x8002 0x0 0x0 0x0 0x0 0x0 0x0
VERBOSE: SPM(0): 0xc4000070 0x80020000 0x0 0x0 0x0 0x0 0x0 0x0
VERBOSE: SPM(0): 0x84000077 0x0 0x0 0x0 0x0 0x0 0x0 0x0
VERBOSE: SPM(0): 0x84000060 0x0 0xfffffffa 0x0 0x0 0x0 0x0 0x0
VERBOSE: SPM(0): 0xc400006f 0x8002 0x0 0x0 0x0 0x0 0x0 0x0
VERBOSE: SPM(0): 0xc4000070 0x80020000 0x0 0x0 0x0 0x0 0x0 0x0
VERBOSE: SPM(0): 0x84000077 0x0 0x0 0x1 0x0 0x0 0x0 0x0
VERBOSE: SPM(0): 0x84000061 0x0 0x0 0x0 0x0 0x0 0x0 0x0
VERBOSE: SPM(0): 0x84000067 0x0 0x0 0x0 0x0 0x0 0x0 0x0
VERBOSE: SPM(0): 0x84000061 0x0 0x0 0x0 0x0 0x0 0x0 0x0
VERBOSE: SPM(0): 0x8400006f 0x8002 0x0 0x92824 0x0 0x0 0x0 0x0
VERBOSE: SPM(0): 0x84000070 0x80020000 0x0 0x0 0x0 0x0 0x0 0x0
VERBOSE: SPM(0): 0xc4000066 0x8811a000 0x8811c000 0x1 0x0 0x0 0x0 0x0
VERBOSE: SPM(0): 0x84000061 0x0 0x0 0x0 0x0 0x0 0x0 0x0
VERBOSE: SPM(0): 0x8400006f 0x8002 0x0 0x92824 0x84000073 0x0 0x0 0x0
VERBOSE: SPM(0): 0x84000070 0x80020000 0x0 0x0 0x0 0x0 0x0 0x0
VERBOSE: SPM(0): 0x84000073 0x70 0x70 0x0 0x0 0x0 0x0 0x0
VERBOSE: SPM(0): 0x84000061 0x0 0x0 0x0 0x0 0x0 0x0 0x0
VERBOSE: SPM(0): 0x84000077 0x0 0x10 0x0 0x0 0x0 0x0 0x0
VERBOSE: SPM(0): 0x84000060 0x0 0xfffffffe 0x0 0x0 0x0 0x0 0x0
VERBOSE: SPM(0): 0xc400006f 0x8002 0x0 0x0 0x0 0x0 0x0 0x0
VERBOSE: SPM(0): 0xc4000070 0x80020000 0x0 0x0 0x0 0x0 0x0 0x0
VERBOSE: SPM(0): 0x84000077 0x0 0x0 0x0 0x0 0x0 0x0 0x0
VERBOSE: SPM(0): 0x84000060 0x0 0xfffffffa 0x0 0x0 0x0 0x0 0x0
VERBOSE: SPM(0): 0xc400006f 0x8002 0x0 0x0 0x0 0x0 0x0 0x0
VERBOSE: SPM(0): 0xc4000070 0x80020000 0x0 0x0 0x0 0x0 0x0 0x0
VERBOSE: SPM(0): 0x84000077 0x0 0x0 0x1 0x0 0x0 0x0 0x0
VERBOSE: SPM(0): 0x84000061 0x0 0x0 0x0 0x0 0x0 0x0 0x0
VERBOSE: SPM(0): 0x84000067 0x0 0x0 0x0 0x0 0x0 0x0 0x0
VERBOSE: SPM(0): 0x84000061 0x0 0x0 0x0 0x0 0x0 0x0 0x0
VERBOSE: SPM(0): 0x8400006f 0x8002 0x0 0x92824 0x0 0x0 0x0 0x0
VERBOSE: SPM(0): 0x84000070 0x80020000 0x0 0x0 0x0 0x0 0x0 0x0
VERBOSE: SPM(0): 0x84000069 0x0 0x0 0x0 0x0 0x0 0x0 0x0
VERBOSE: SPM(0): 0x8400006f 0x8001 0x0 0x10825 0x0 0x0 0x0 0x0
VERBOSE: SPM(0): 0x84000070 0x80010000 0x0 0x0 0x0 0x0 0x0 0x0
VERBOSE: SPM(0): 0xc4000066 0x8811a000 0x8811c000 0x1 0x0 0x0 0x0 0x0
VERBOSE: SPM(0): 0x84000061 0x0 0x0 0x0 0x0 0x0 0x0 0x0
VERBOSE: SPM(0): 0x8400006f 0x8002 0x0 0x92825 0xc4000072 0x0 0x0 0x0
VERBOSE: SPM(0): 0x84000070 0x80020000 0x0 0x0 0x0 0x0 0x0 0x0
VERBOSE: SPM(0): 0xc4000072 0x70 0x70 0x0 0x0 0x0 0x0 0x0
VERBOSE: SPM(0): 0x84000061 0x0 0x0 0x0 0x0 0x0 0x0 0x0
VERBOSE: SPM(0): 0xc400006f 0x8002 0x0 0x0 0x0 0x0 0x0 0x0
VERBOSE: SPM(0): 0xc4000070 0x80020000 0x0 0x0 0x0 0x0 0x0 0x0
VERBOSE: SPM(0): 0x84000077 0x0 0x0 0x1 0x0 0x0 0x0 0x0
VERBOSE: SPM(0): 0x84000061 0x0 0x0 0x0 0x0 0x0 0x0 0x0
VERBOSE: SPM(0): 0xc4000072 0x70 0x70 0x0 0x0 0x0 0x0 0x0
VERBOSE: SPM(0): 0x84000061 0x0 0x0 0x0 0x0 0x0 0x0 0x0
VERBOSE: SPM(0): 0x84000077 0x0 0x0 0x0 0x0 0x0 0x0 0x0
VERBOSE: SPM(0): 0x84000061 0x0 0x0 0x0 0x0 0x0 0x0 0x0
VERBOSE: SPM(0): 0x84000067 0x0 0x0 0x0 0x0 0x0 0x0 0x0
VERBOSE: SPM(0): 0x84000061 0x0 0x0 0x0 0x0 0x0 0x0 0x0
VERBOSE: SPM(0): 0x8400006f 0x8002 0x0 0x92825 0x0 0x0 0x0 0x0
VERBOSE: SPM(0): 0x84000070 0x80020000 0x0 0x0 0x0 0x0 0x0 0x0
VERBOSE: SPM(0): 0xc4000066 0x8811a000 0x8811c000 0x1 0x0 0x0 0x0 0x0
VERBOSE: SPM(0): 0x84000061 0x0 0x0 0x0 0x0 0x0 0x0 0x0
VERBOSE: SPM(0): 0x8400006f 0x8002 0x0 0x92825 0x84000072 0x0 0x0 0x0
VERBOSE: SPM(0): 0x84000070 0x80020000 0x0 0x0 0x0 0x0 0x0 0x0
VERBOSE: SPM(0): 0x84000072 0x70 0x70 0x0 0x0 0x0 0x0 0x0
VERBOSE: SPM(0): 0x84000061 0x0 0x0 0x0 0x0 0x0 0x0 0x0
VERBOSE: SPM(0): 0xc400006f 0x8002 0x0 0x0 0x0 0x0 0x0 0x0
VERBOSE: SPM(0): 0xc4000070 0x80020000 0x0 0x0 0x0 0x0 0x0 0x0
VERBOSE: SPM(0): 0x84000077 0x0 0x0 0x1 0x0 0x0 0x0 0x0
VERBOSE: SPM(0): 0x84000061 0x0 0x0 0x0 0x0 0x0 0x0 0x0
VERBOSE: SPM(0): 0x84000072 0x70 0x70 0x0 0x0 0x0 0x0 0x0
VERBOSE: SPM(0): 0x84000061 0x0 0x0 0x0 0x0 0x0 0x0 0x0
VERBOSE: SPM(0): 0x84000077 0x0 0x0 0x0 0x0 0x0 0x0 0x0
VERBOSE: SPM(0): 0x84000061 0x0 0x0 0x0 0x0 0x0 0x0 0x0
VERBOSE: SPM(0): 0x84000067 0x0 0x0 0x0 0x0 0x0 0x0 0x0
VERBOSE: SPM(0): 0x84000061 0x0 0x0 0x0 0x0 0x0 0x0 0x0
VERBOSE: SPM(0): 0x8400006f 0x8002 0x0 0x92825 0x0 0x0 0x0 0x0
VERBOSE: SPM(0): 0x84000070 0x80020000 0x0 0x0 0x0 0x0 0x0 0x0
VERBOSE: SPM(0): 0x84000069 0x0 0x0 0x0 0x0 0x0 0x0 0x0
VERBOSE: SPM(0): 0x8400006f 0x8001 0x0 0x10826 0x0 0x0 0x0 0x0
VERBOSE: SPM(0): 0x84000070 0x80010000 0x0 0x0 0x0 0x0 0x0 0x0
VERBOSE: SPM(0): 0x84000069 0x0 0x0 0x0 0x0 0x0 0x0 0x0
VERBOSE: SPM(0): 0x8400006f 0x8001 0x0 0x10827 0x0 0x0 0x0 0x0
VERBOSE: SPM(0): 0x84000070 0x80010000 0x0 0x0 0x0 0x0 0x0 0x0
VERBOSE: SPM(0): 0xc4000066 0x8811a000 0x8811c000 0x1 0x0 0x0 0x0 0x0
VERBOSE: SPM(0): 0x84000061 0x0 0x0 0x0 0x0 0x0 0x0 0x0
VERBOSE: SPM(0): 0xc4000072 0x90 0x90 0x0 0x0 0x0 0x0 0x0
VERBOSE: SPM(0): 0x84000060 0x0 0xfffffffe 0x0 0x0 0x0 0x0 0x0
VERBOSE: SPM(0): 0x84000067 0x0 0x0 0x0 0x0 0x0 0x0 0x0
VERBOSE: SPM(0): 0x84000061 0x0 0x0 0x0 0x0 0x0 0x0 0x0
VERBOSE: SPM(0): 0xc4000066 0x8811a000 0x8811c000 0x1 0x0 0x0 0x0 0x0
VERBOSE: SPM(0): 0x84000061 0x0 0x0 0x0 0x0 0x0 0x0 0x0
VERBOSE: SPM(0): 0x84000072 0x90 0x90 0x0 0x0 0x0 0x0 0x0
VERBOSE: SPM(0): 0x84000060 0x0 0xfffffffe 0x0 0x0 0x0 0x0 0x0
VERBOSE: SPM(0): 0x84000067 0x0 0x0 0x0 0x0 0x0 0x0 0x0
VERBOSE: SPM(0): 0x84000061 0x0 0x0 0x0 0x0 0x0 0x0 0x0
VERBOSE: SPM(0): 0x84000069 0x0 0x0 0x0 0x0 0x0 0x0 0x0
VERBOSE: SPM(0): 0x8400006f 0x8001 0x0 0x828 0x0 0x0 0x0 0x0
VERBOSE: SPM(0): 0x84000070 0x80010000 0x0 0x0 0x0 0x0 0x0 0x0
VERBOSE: SPM(0): 0xc4000066 0x8811a000 0x8811c000 0x1 0x0 0x0 0x0 0x0
VERBOSE: SPM(0): 0x84000061 0x0 0x0 0x0 0x0 0x0 0x0 0x0
VERBOSE: SPM(0): 0x8400006f 0x8002 0x0 0x92829 0xc4000072 0x0 0x0 0x0
VERBOSE: SPM(0): 0x84000070 0x80020000 0x0 0x0 0x0 0x0 0x0 0x0
VERBOSE: SPM(0): 0xc4000072 0x70 0x70 0x0 0x0 0x0 0x0 0x0
VERBOSE: SPM(0): 0x84000061 0x0 0x0 0x0 0x0 0x0 0x0 0x0
VERBOSE: SPM(0): 0xc400006f 0x8002 0x0 0x0 0x0 0x0 0x0 0x0
VERBOSE: SPM(0): 0xc4000070 0x80020000 0x0 0x0 0x0 0x0 0x0 0x0
VERBOSE: SPM(0): 0x84000077 0x0 0x0 0x0 0x0 0x0 0x0 0x0
VERBOSE: SPM(0): 0x84000061 0x0 0x0 0x0 0x0 0x0 0x0 0x0
VERBOSE: SPM(0): 0x84000067 0x0 0x0 0x0 0x0 0x0 0x0 0x0
VERBOSE: SPM(0): 0x84000061 0x0 0x0 0x0 0x0 0x0 0x0 0x0
VERBOSE: SPM(0): 0x8400006f 0x8002 0x0 0x92829 0x0 0x0 0x0 0x0
VERBOSE: SPM(0): 0x84000070 0x80020000 0x0 0x0 0x0 0x0 0x0 0x0
VERBOSE: SPM(0): 0xc4000066 0x8811a000 0x8811c000 0x1 0x0 0x0 0x0 0x0
VERBOSE: SPM(0): 0x84000061 0x0 0x0 0x0 0x0 0x0 0x0 0x0
VERBOSE: SPM(0): 0x8400006f 0x8002 0x0 0x92829 0x84000072 0x0 0x0 0x0
VERBOSE: SPM(0): 0x84000070 0x80020000 0x0 0x0 0x0 0x0 0x0 0x0
VERBOSE: SPM(0): 0x84000072 0x70 0x70 0x0 0x0 0x0 0x0 0x0
VERBOSE: SPM(0): 0x84000061 0x0 0x0 0x0 0x0 0x0 0x0 0x0
VERBOSE: SPM(0): 0xc400006f 0x8002 0x0 0x0 0x0 0x0 0x0 0x0
VERBOSE: SPM(0): 0xc4000070 0x80020000 0x0 0x0 0x0 0x0 0x0 0x0
VERBOSE: SPM(0): 0x84000077 0x0 0x0 0x0 0x0 0x0 0x0 0x0
VERBOSE: SPM(0): 0x84000061 0x0 0x0 0x0 0x0 0x0 0x0 0x0
VERBOSE: SPM(0): 0x84000067 0x0 0x0 0x0 0x0 0x0 0x0 0x0
VERBOSE: SPM(0): 0x84000061 0x0 0x0 0x0 0x0 0x0 0x0 0x0
VERBOSE: SPM(0): 0x8400006f 0x8002 0x0 0x92829 0x0 0x0 0x0 0x0
VERBOSE: SPM(0): 0x84000070 0x80020000 0x0 0x0 0x0 0x0 0x0 0x0
VERBOSE: SPM(0): 0x84000069 0x0 0x0 0x0 0x0 0x0 0x0 0x0
VERBOSE: SPM(0): 0x8400006f 0x8001 0x0 0x10829 0x0 0x0 0x0 0x0
VERBOSE: SPM(0): 0x84000070 0x80010000 0x0 0x0 0x0 0x0 0x0 0x0
VERBOSE: SPM(0): 0xc4000066 0x8811a000 0x8811c000 0x1 0x0 0x0 0x0 0x0
VERBOSE: SPM(0): 0x84000061 0x0 0x0 0x0 0x0 0x0 0x0 0x0
VERBOSE: SPM(0): 0x8400006f 0x8002 0x0 0x9282a 0xc4000072 0x0 0x0 0x0
VERBOSE: SPM(0): 0x84000070 0x80020000 0x0 0x0 0x0 0x0 0x0 0x0
VERBOSE: SPM(0): 0xc4000072 0x70 0x70 0x0 0x0 0x0 0x0 0x0
VERBOSE: SPM(0): 0x84000061 0x0 0x0 0x0 0x0 0x0 0x0 0x0
VERBOSE: SPM(0): 0xc400006f 0x8002 0x0 0x0 0x0 0x0 0x0 0x0
VERBOSE: SPM(0): 0xc4000070 0x80020000 0x0 0x0 0x0 0x0 0x0 0x0
VERBOSE: SPM(0): 0xc4000072 0x70 0x70 0x0 0x0 0x0 0x0 0x0
VERBOSE: SPM(0): 0x84000060 0x0 0xfffffffa 0x0 0x0 0x0 0x0 0x0
VERBOSE: SPM(0): 0xc400006f 0x8002 0x0 0x0 0x0 0x0 0x0 0x0
VERBOSE: SPM(0): 0xc4000070 0x80020000 0x0 0x0 0x0 0x0 0x0 0x0
VERBOSE: SPM(0): 0x84000077 0x0 0x0 0x0 0x0 0x0 0x0 0x0
VERBOSE: SPM(0): 0x84000061 0x0 0x0 0x0 0x0 0x0 0x0 0x0
VERBOSE: SPM(0): 0x84000067 0x0 0x0 0x0 0x0 0x0 0x0 0x0
VERBOSE: SPM(0): 0x84000061 0x0 0x0 0x0 0x0 0x0 0x0 0x0
VERBOSE: SPM(0): 0x8400006f 0x8002 0x0 0x9282a 0x0 0x0 0x0 0x0
VERBOSE: SPM(0): 0x84000070 0x80020000 0x0 0x0 0x0 0x0 0x0 0x0
VERBOSE: SPM(0): 0xc4000066 0x8811a000 0x8811c000 0x1 0x0 0x0 0x0 0x0
VERBOSE: SPM(0): 0x84000061 0x0 0x0 0x0 0x0 0x0 0x0 0x0
VERBOSE: SPM(0): 0x8400006f 0x8002 0x0 0x9282a 0x84000072 0x0 0x0 0x0
VERBOSE: SPM(0): 0x84000070 0x80020000 0x0 0x0 0x0 0x0 0x0 0x0
VERBOSE: SPM(0): 0x84000072 0x70 0x70 0x0 0x0 0x0 0x0 0x0
VERBOSE: SPM(0): 0x84000061 0x0 0x0 0x0 0x0 0x0 0x0 0x0
VERBOSE: SPM(0): 0xc400006f 0x8002 0x0 0x0 0x0 0x0 0x0 0x0
VERBOSE: SPM(0): 0xc4000070 0x80020000 0x0 0x0 0x0 0x0 0x0 0x0
VERBOSE: SPM(0): 0x84000072 0x70 0x70 0x0 0x0 0x0 0x0 0x0
VERBOSE: SPM(0): 0x84000060 0x0 0xfffffffa 0x0 0x0 0x0 0x0 0x0
VERBOSE: SPM(0): 0xc400006f 0x8002 0x0 0x0 0x0 0x0 0x0 0x0
VERBOSE: SPM(0): 0xc4000070 0x80020000 0x0 0x0 0x0 0x0 0x0 0x0
VERBOSE: SPM(0): 0x84000077 0x0 0x0 0x0 0x0 0x0 0x0 0x0
VERBOSE: SPM(0): 0x84000061 0x0 0x0 0x0 0x0 0x0 0x0 0x0
VERBOSE: SPM(0): 0x84000067 0x0 0x0 0x0 0x0 0x0 0x0 0x0
VERBOSE: SPM(0): 0x84000061 0x0 0x0 0x0 0x0 0x0 0x0 0x0
VERBOSE: SPM(0): 0x8400006f 0x8002 0x0 0x9282a 0x0 0x0 0x0 0x0
VERBOSE: SPM(0): 0x84000070 0x80020000 0x0 0x0 0x0 0x0 0x0 0x0
VERBOSE: SPM(0): 0x84000069 0x0 0x0 0x0 0x0 0x0 0x0 0x0
VERBOSE: SPM(0): 0x8400006f 0x8001 0x0 0x1082a 0x0 0x0 0x0 0x0
VERBOSE: SPM(0): 0x84000070 0x80010000 0x0 0x0 0x0 0x0 0x0 0x0
VERBOSE: SPM(0): 0xc4000066 0x8811a000 0x8811c000 0x1 0x0 0x0 0x0 0x0
VERBOSE: SPM(0): 0x84000061 0x0 0x0 0x0 0x0 0x0 0x0 0x0
VERBOSE: SPM(0): 0x8400006f 0x8002 0x0 0x9282b 0xc4000072 0x0 0x0 0x0
VERBOSE: SPM(0): 0x84000070 0x80020000 0x0 0x0 0x0 0x0 0x0 0x0
VERBOSE: SPM(0): 0xc4000072 0x70 0x70 0x0 0x0 0x0 0x0 0x0
VERBOSE: SPM(0): 0x84000061 0x0 0x0 0x0 0x0 0x0 0x0 0x0
VERBOSE: SPM(0): 0xc400006f 0x8002 0x0 0x0 0x0 0x0 0x0 0x0
VERBOSE: SPM(0): 0xc4000070 0x80020000 0x0 0x0 0x0 0x0 0x0 0x0
VERBOSE: SPM(0): 0xc4000072 0x70 0x70 0x0 0x0 0x0 0x0 0x0
VERBOSE: SPM(0): 0x84000060 0x0 0xfffffffa 0x0 0x0 0x0 0x0 0x0
VERBOSE: SPM(0): 0xc400006f 0x8002 0x0 0x0 0x0 0x0 0x0 0x0
VERBOSE: SPM(0): 0xc4000070 0x80020000 0x0 0x0 0x0 0x0 0x0 0x0
VERBOSE: SPM(0): 0x84000077 0x0 0x0 0x0 0x0 0x0 0x0 0x0
VERBOSE: SPM(0): 0x84000061 0x0 0x0 0x0 0x0 0x0 0x0 0x0
VERBOSE: SPM(0): 0x84000067 0x0 0x0 0x0 0x0 0x0 0x0 0x0
VERBOSE: SPM(0): 0x84000061 0x0 0x0 0x0 0x0 0x0 0x0 0x0
VERBOSE: SPM(0): 0x8400006f 0x8002 0x0 0x9282b 0x0 0x0 0x0 0x0
VERBOSE: SPM(0): 0x84000070 0x80020000 0x0 0x0 0x0 0x0 0x0 0x0
VERBOSE: SPM(0): 0xc4000066 0x8811a000 0x8811c000 0x1 0x0 0x0 0x0 0x0
VERBOSE: SPM(0): 0x84000061 0x0 0x0 0x0 0x0 0x0 0x0 0x0
VERBOSE: SPM(0): 0x8400006f 0x8002 0x0 0x9282b 0x84000072 0x0 0x0 0x0
VERBOSE: SPM(0): 0x84000070 0x80020000 0x0 0x0 0x0 0x0 0x0 0x0
VERBOSE: SPM(0): 0x84000072 0x70 0x70 0x0 0x0 0x0 0x0 0x0
VERBOSE: SPM(0): 0x84000061 0x0 0x0 0x0 0x0 0x0 0x0 0x0
VERBOSE: SPM(0): 0xc400006f 0x8002 0x0 0x0 0x0 0x0 0x0 0x0
VERBOSE: SPM(0): 0xc4000070 0x80020000 0x0 0x0 0x0 0x0 0x0 0x0
VERBOSE: SPM(0): 0x84000072 0x70 0x70 0x0 0x0 0x0 0x0 0x0
VERBOSE: SPM(0): 0x84000060 0x0 0xfffffffa 0x0 0x0 0x0 0x0 0x0
VERBOSE: SPM(0): 0xc400006f 0x8002 0x0 0x0 0x0 0x0 0x0 0x0
VERBOSE: SPM(0): 0xc4000070 0x80020000 0x0 0x0 0x0 0x0 0x0 0x0
VERBOSE: SPM(0): 0x84000077 0x0 0x0 0x0 0x0 0x0 0x0 0x0
VERBOSE: SPM(0): 0x84000061 0x0 0x0 0x0 0x0 0x0 0x0 0x0
VERBOSE: SPM(0): 0x84000067 0x0 0x0 0x0 0x0 0x0 0x0 0x0
VERBOSE: SPM(0): 0x84000061 0x0 0x0 0x0 0x0 0x0 0x0 0x0
VERBOSE: SPM(0): 0x8400006f 0x8002 0x0 0x9282b 0x0 0x0 0x0 0x0
VERBOSE: SPM(0): 0x84000070 0x80020000 0x0 0x0 0x0 0x0 0x0 0x0
VERBOSE: SPM(0): 0x84000069 0x0 0x0 0x0 0x0 0x0 0x0 0x0
VERBOSE: SPM(0): 0x8400006f 0x8001 0x0 0x1082b 0x0 0x0 0x0 0x0
VERBOSE: SPM(0): 0x84000070 0x80010000 0x0 0x0 0x0 0x0 0x0 0x0
VERBOSE: SPM(0): 0xc4000066 0x8811a000 0x8811c000 0x1 0x0 0x0 0x0 0x0
VERBOSE: SPM(0): 0x84000061 0x0 0x0 0x0 0x0 0x0 0x0 0x0
VERBOSE: SPM(0): 0x8400006f 0x8002 0x0 0x9282c 0xc4000072 0x0 0x0 0x0
VERBOSE: SPM(0): 0x84000070 0x80020000 0x0 0x0 0x0 0x0 0x0 0x0
VERBOSE: SPM(0): 0xc4000073 0x70 0x70 0x0 0x0 0x0 0x0 0x0
VERBOSE: SPM(0): 0x84000061 0x0 0x0 0x0 0x0 0x0 0x0 0x0
VERBOSE: SPM(0): 0xc400006f 0x8002 0x0 0x0 0x0 0x0 0x0 0x0
VERBOSE: SPM(0): 0xc4000070 0x80020000 0x0 0x0 0x0 0x0 0x0 0x0
VERBOSE: SPM(0): 0xc4000072 0x70 0x70 0x0 0x0 0x0 0x0 0x0
VERBOSE: SPM(0): 0x84000060 0x0 0xfffffffa 0x0 0x0 0x0 0x0 0x0
VERBOSE: SPM(0): 0xc400006f 0x8002 0x0 0x0 0x0 0x0 0x0 0x0
VERBOSE: SPM(0): 0xc4000070 0x80020000 0x0 0x0 0x0 0x0 0x0 0x0
VERBOSE: SPM(0): 0x84000077 0x0 0x0 0x0 0x0 0x0 0x0 0x0
VERBOSE: SPM(0): 0x84000061 0x0 0x0 0x0 0x0 0x0 0x0 0x0
VERBOSE: SPM(0): 0x84000067 0x0 0x0 0x0 0x0 0x0 0x0 0x0
VERBOSE: SPM(0): 0x84000061 0x0 0x0 0x0 0x0 0x0 0x0 0x0
VERBOSE: SPM(0): 0x8400006f 0x8002 0x0 0x9282c 0x0 0x0 0x0 0x0
VERBOSE: SPM(0): 0x84000070 0x80020000 0x0 0x0 0x0 0x0 0x0 0x0
VERBOSE: SPM(0): 0xc4000066 0x8811a000 0x8811c000 0x1 0x0 0x0 0x0 0x0
VERBOSE: SPM(0): 0x84000061 0x0 0x0 0x0 0x0 0x0 0x0 0x0
VERBOSE: SPM(0): 0x8400006f 0x8002 0x0 0x9282c 0x84000072 0x0 0x0 0x0
VERBOSE: SPM(0): 0x84000070 0x80020000 0x0 0x0 0x0 0x0 0x0 0x0
VERBOSE: SPM(0): 0xc4000073 0x70 0x70 0x0 0x0 0x0 0x0 0x0
VERBOSE: SPM(0): 0x84000061 0x0 0x0 0x0 0x0 0x0 0x0 0x0
VERBOSE: SPM(0): 0xc400006f 0x8002 0x0 0x0 0x0 0x0 0x0 0x0
VERBOSE: SPM(0): 0xc4000070 0x80020000 0x0 0x0 0x0 0x0 0x0 0x0
VERBOSE: SPM(0): 0x84000072 0x70 0x70 0x0 0x0 0x0 0x0 0x0
VERBOSE: SPM(0): 0x84000060 0x0 0xfffffffa 0x0 0x0 0x0 0x0 0x0
VERBOSE: SPM(0): 0xc400006f 0x8002 0x0 0x0 0x0 0x0 0x0 0x0
VERBOSE: SPM(0): 0xc4000070 0x80020000 0x0 0x0 0x0 0x0 0x0 0x0
VERBOSE: SPM(0): 0x84000077 0x0 0x0 0x0 0x0 0x0 0x0 0x0
VERBOSE: SPM(0): 0x84000061 0x0 0x0 0x0 0x0 0x0 0x0 0x0
VERBOSE: SPM(0): 0x84000067 0x0 0x0 0x0 0x0 0x0 0x0 0x0
VERBOSE: SPM(0): 0x84000061 0x0 0x0 0x0 0x0 0x0 0x0 0x0
VERBOSE: SPM(0): 0x8400006f 0x8002 0x0 0x9282c 0x0 0x0 0x0 0x0
VERBOSE: SPM(0): 0x84000070 0x80020000 0x0 0x0 0x0 0x0 0x0 0x0
VERBOSE: SPM(0): 0x84000069 0x0 0x0 0x0 0x0 0x0 0x0 0x0
VERBOSE: SPM(0): 0x8400006f 0x8001 0x0 0x1082c 0x0 0x0 0x0 0x0
VERBOSE: SPM(0): 0x84000070 0x80010000 0x0 0x0 0x0 0x0 0x0 0x0
VERBOSE: SPM(0): 0x84000069 0x0 0x0 0x0 0x0 0x0 0x0 0x0
VERBOSE: SPM(0): 0x8400006f 0x8001 0x0 0x1082d 0x0 0x0 0x0 0x0
VERBOSE: SPM(0): 0x84000070 0x80010000 0x0 0x0 0x0 0x0 0x0 0x0
VERBOSE: SPM(0): 0x84000069 0x0 0x0 0x0 0x0 0x0 0x0 0x0
VERBOSE: SPM(0): 0x8400006f 0x8001 0x0 0x1082e 0x0 0x0 0x0 0x0
VERBOSE: SPM(0): 0x84000070 0x80010000 0x0 0x0 0x0 0x0 0x0 0x0
VERBOSE: SPM(0): 0x84000069 0x0 0x0 0x0 0x0 0x0 0x0 0x0
VERBOSE: SPM(0): 0x8400006f 0x8001 0x0 0x1082f 0x0 0x0 0x0 0x0
VERBOSE: SPM(0): 0x84000070 0x80010000 0x0 0x0 0x0 0x0 0x0 0x0
VERBOSE: SPM(0): 0x84000069 0x0 0x0 0x0 0x0 0x0 0x0 0x0
VERBOSE: SPM(0): 0x8400006f 0x8001 0x0 0x10830 0x0 0x0 0x0 0x0
VERBOSE: SPM(0): 0x84000070 0x80010000 0x0 0x0 0x0 0x0 0x0 0x0
VERBOSE: SPM(0): 0x84000069 0x0 0x0 0x0 0x0 0x0 0x0 0x0
VERBOSE: SPM(0): 0x8400006f 0x8001 0x0 0x10831 0x0 0x0 0x0 0x0
VERBOSE: SPM(0): 0x84000070 0x80010000 0x0 0x0 0x0 0x0 0x0 0x0
VERBOSE: SPM(0): 0x84000069 0x0 0x0 0x0 0x0 0x0 0x0 0x0
VERBOSE: SPM(0): 0x8400006f 0x8001 0x0 0x10832 0x0 0x0 0x0 0x0
VERBOSE: SPM(0): 0x84000070 0x80010000 0x0 0x0 0x0 0x0 0x0 0x0
VERBOSE: SPM(0): 0xc4000066 0x8811a000 0x8811c000 0x1 0x0 0x0 0x0 0x0
VERBOSE: SPM(0): 0x84000061 0x0 0x0 0x0 0x0 0x0 0x0 0x0
VERBOSE: SPM(0): 0xc4000073 0x90 0x90 0x0 0x0 0x0 0x0 0x0
VERBOSE: SPM(0): 0x84000061 0x0 0x0 0x0 0x0 0x0 0x0 0x0
VERBOSE: SPM(0): 0x8400006f 0x8002 0x0 0x92833 0xc4000072 0x80038002 0x0 0x0
VERBOSE: SPM(0): 0x84000070 0x80020000 0x0 0x0 0x0 0x0 0x0 0x0
VERBOSE: SPM(0): 0x8400006f 0x8003 0x0 0x9a833 0xc4000072 0x80038002 0x0 0x0
VERBOSE: SPM(0): 0x84000070 0x80030000 0x0 0x0 0x0 0x0 0x0 0x0
VERBOSE: SPM(0): 0xc400006f 0x8002 0x0 0x0 0x0 0x0 0x0 0x0
VERBOSE: SPM(0): 0xc4000070 0x80020000 0x0 0x0 0x0 0x0 0x0 0x0
VERBOSE: SPM(0): 0xc400006f 0x8003 0x0 0x0 0x0 0x0 0x0 0x0
VERBOSE: SPM(0): 0xc4000070 0x80030000 0x0 0x0 0x0 0x0 0x0 0x0
VERBOSE: SPM(0): 0xc4000072 0x70 0x70 0x0 0x0 0x0 0x0 0x0
VERBOSE: SPM(0): 0x84000060 0x0 0xfffffffa 0x0 0x0 0x0 0x0 0x0
VERBOSE: SPM(0): 0xc400006f 0x8002 0x0 0x0 0x0 0x0 0x0 0x0
VERBOSE: SPM(0): 0xc4000070 0x80020000 0x0 0x0 0x0 0x0 0x0 0x0
VERBOSE: SPM(0): 0xc400006f 0x8003 0x0 0x0 0x0 0x0 0x0 0x0
VERBOSE: SPM(0): 0xc4000070 0x80030000 0x0 0x0 0x0 0x0 0x0 0x0
VERBOSE: SPM(0): 0x84000077 0x0 0x0 0x0 0x0 0x0 0x0 0x0
VERBOSE: SPM(0): 0x84000061 0x0 0x0 0x0 0x0 0x0 0x0 0x0
VERBOSE: SPM(0): 0x8400006f 0x8002 0x0 0x92833 0x0 0x0 0x0 0x0
VERBOSE: SPM(0): 0x84000070 0x80020000 0x0 0x0 0x0 0x0 0x0 0x0
VERBOSE: SPM(0): 0x8400006f 0x8003 0x0 0x9a833 0x0 0x0 0x0 0x0
VERBOSE: SPM(0): 0x84000070 0x80030000 0x0 0x0 0x0 0x0 0x0 0x0
VERBOSE: SPM(0): 0x84000067 0x0 0x0 0x0 0x0 0x0 0x0 0x0
VERBOSE: SPM(0): 0x84000061 0x0 0x0 0x0 0x0 0x0 0x0 0x0
VERBOSE: SPM(0): 0xc4000066 0x8811a000 0x8811c000 0x1 0x0 0x0 0x0 0x0
VERBOSE: SPM(0): 0x84000061 0x0 0x0 0x0 0x0 0x0 0x0 0x0
VERBOSE: SPM(0): 0xc4000073 0x90 0x90 0x0 0x0 0x0 0x0 0x0
VERBOSE: SPM(0): 0x84000061 0x0 0x0 0x0 0x0 0x0 0x0 0x0
VERBOSE: SPM(0): 0x8400006f 0x8002 0x0 0x92833 0x84000072 0x80038002 0x0 0x0
VERBOSE: SPM(0): 0x84000070 0x80020000 0x0 0x0 0x0 0x0 0x0 0x0
VERBOSE: SPM(0): 0x8400006f 0x8003 0x0 0x9a833 0x84000072 0x80038002 0x0 0x0
VERBOSE: SPM(0): 0x84000070 0x80030000 0x0 0x0 0x0 0x0 0x0 0x0
VERBOSE: SPM(0): 0xc400006f 0x8002 0x0 0x0 0x0 0x0 0x0 0x0
VERBOSE: SPM(0): 0xc4000070 0x80020000 0x0 0x0 0x0 0x0 0x0 0x0
VERBOSE: SPM(0): 0xc400006f 0x8003 0x0 0x0 0x0 0x0 0x0 0x0
VERBOSE: SPM(0): 0xc4000070 0x80030000 0x0 0x0 0x0 0x0 0x0 0x0
VERBOSE: SPM(0): 0x84000072 0x70 0x70 0x0 0x0 0x0 0x0 0x0
VERBOSE: SPM(0): 0x84000060 0x0 0xfffffffa 0x0 0x0 0x0 0x0 0x0
VERBOSE: SPM(0): 0xc400006f 0x8002 0x0 0x0 0x0 0x0 0x0 0x0
VERBOSE: SPM(0): 0xc4000070 0x80020000 0x0 0x0 0x0 0x0 0x0 0x0
VERBOSE: SPM(0): 0xc400006f 0x8003 0x0 0x0 0x0 0x0 0x0 0x0
VERBOSE: SPM(0): 0xc4000070 0x80030000 0x0 0x0 0x0 0x0 0x0 0x0
VERBOSE: SPM(0): 0x84000077 0x0 0x0 0x0 0x0 0x0 0x0 0x0
VERBOSE: SPM(0): 0x84000061 0x0 0x0 0x0 0x0 0x0 0x0 0x0
VERBOSE: SPM(0): 0x8400006f 0x8002 0x0 0x92833 0x0 0x0 0x0 0x0
VERBOSE: SPM(0): 0x84000070 0x80020000 0x0 0x0 0x0 0x0 0x0 0x0
VERBOSE: SPM(0): 0x8400006f 0x8003 0x0 0x9a833 0x0 0x0 0x0 0x0
VERBOSE: SPM(0): 0x84000070 0x80030000 0x0 0x0 0x0 0x0 0x0 0x0
VERBOSE: SPM(0): 0x84000067 0x0 0x0 0x0 0x0 0x0 0x0 0x0
VERBOSE: SPM(0): 0x84000061 0x0 0x0 0x0 0x0 0x0 0x0 0x0
VERBOSE: SPM(0): 0x84000069 0x0 0x0 0x0 0x0 0x0 0x0 0x0
VERBOSE: SPM(0): 0x8400006f 0x8001 0x0 0x10833 0x0 0x0 0x0 0x0
VERBOSE: SPM(0): 0x84000070 0x80010000 0x0 0x0 0x0 0x0 0x0 0x0
VERBOSE: SPM(0): 0xc4000066 0x8811a000 0x8811c000 0x1 0x0 0x0 0x0 0x0
VERBOSE: SPM(0): 0x84000061 0x0 0x0 0x0 0x0 0x0 0x0 0x0
VERBOSE: SPM(0): 0xc4000072 0x90 0x90 0x0 0x0 0x0 0x0 0x0
VERBOSE: SPM(0): 0x84000061 0x0 0x0 0x0 0x0 0x0 0x0 0x0
VERBOSE: SPM(0): 0x8400006f 0x8002 0x0 0x92834 0xc4000072 0x80038002 0x0 0x0
VERBOSE: SPM(0): 0x84000070 0x80020000 0x0 0x0 0x0 0x0 0x0 0x0
VERBOSE: SPM(0): 0x8400006f 0x8003 0x0 0x9a834 0xc4000072 0x80038002 0x0 0x0
VERBOSE: SPM(0): 0x84000070 0x80030000 0x0 0x0 0x0 0x0 0x0 0x0
VERBOSE: SPM(0): 0xc400006f 0x8002 0x0 0x0 0x0 0x0 0x0 0x0
VERBOSE: SPM(0): 0xc4000070 0x80020000 0x0 0x0 0x0 0x0 0x0 0x0
VERBOSE: SPM(0): 0xc400006f 0x8003 0x0 0x0 0x0 0x0 0x0 0x0
VERBOSE: SPM(0): 0xc4000070 0x80030000 0x0 0x0 0x0 0x0 0x0 0x0
VERBOSE: SPM(0): 0xc4000072 0x70 0x70 0x0 0x0 0x0 0x0 0x0
VERBOSE: SPM(0): 0x84000060 0x0 0xfffffffa 0x0 0x0 0x0 0x0 0x0
VERBOSE: SPM(0): 0xc400006f 0x8002 0x0 0x0 0x0 0x0 0x0 0x0
VERBOSE: SPM(0): 0xc4000070 0x80020000 0x0 0x0 0x0 0x0 0x0 0x0
VERBOSE: SPM(0): 0xc400006f 0x8003 0x0 0x0 0x0 0x0 0x0 0x0
VERBOSE: SPM(0): 0xc4000070 0x80030000 0x0 0x0 0x0 0x0 0x0 0x0
VERBOSE: SPM(0): 0x84000077 0x0 0x0 0x0 0x0 0x0 0x0 0x0
VERBOSE: SPM(0): 0x84000061 0x0 0x0 0x0 0x0 0x0 0x0 0x0
VERBOSE: SPM(0): 0x8400006f 0x8002 0x0 0x92834 0x0 0x0 0x0 0x0
VERBOSE: SPM(0): 0x84000070 0x80020000 0x0 0x0 0x0 0x0 0x0 0x0
VERBOSE: SPM(0): 0x8400006f 0x8003 0x0 0x9a834 0x0 0x0 0x0 0x0
VERBOSE: SPM(0): 0x84000070 0x80030000 0x0 0x0 0x0 0x0 0x0 0x0
VERBOSE: SPM(0): 0x84000067 0x0 0x0 0x0 0x0 0x0 0x0 0x0
VERBOSE: SPM(0): 0x84000061 0x0 0x0 0x0 0x0 0x0 0x0 0x0
VERBOSE: SPM(0): 0xc4000066 0x8811a000 0x8811c000 0x1 0x0 0x0 0x0 0x0
VERBOSE: SPM(0): 0x84000061 0x0 0x0 0x0 0x0 0x0 0x0 0x0
VERBOSE: SPM(0): 0x84000072 0x90 0x90 0x0 0x0 0x0 0x0 0x0
VERBOSE: SPM(0): 0x84000061 0x0 0x0 0x0 0x0 0x0 0x0 0x0
VERBOSE: SPM(0): 0x8400006f 0x8002 0x0 0x92834 0x84000072 0x80038002 0x0 0x0
VERBOSE: SPM(0): 0x84000070 0x80020000 0x0 0x0 0x0 0x0 0x0 0x0
VERBOSE: SPM(0): 0x8400006f 0x8003 0x0 0x9a834 0x84000072 0x80038002 0x0 0x0
VERBOSE: SPM(0): 0x84000070 0x80030000 0x0 0x0 0x0 0x0 0x0 0x0
VERBOSE: SPM(0): 0xc400006f 0x8002 0x0 0x0 0x0 0x0 0x0 0x0
VERBOSE: SPM(0): 0xc4000070 0x80020000 0x0 0x0 0x0 0x0 0x0 0x0
VERBOSE: SPM(0): 0xc400006f 0x8003 0x0 0x0 0x0 0x0 0x0 0x0
VERBOSE: SPM(0): 0xc4000070 0x80030000 0x0 0x0 0x0 0x0 0x0 0x0
VERBOSE: SPM(0): 0x84000072 0x70 0x70 0x0 0x0 0x0 0x0 0x0
VERBOSE: SPM(0): 0x84000060 0x0 0xfffffffa 0x0 0x0 0x0 0x0 0x0
VERBOSE: SPM(0): 0xc400006f 0x8002 0x0 0x0 0x0 0x0 0x0 0x0
VERBOSE: SPM(0): 0xc4000070 0x80020000 0x0 0x0 0x0 0x0 0x0 0x0
VERBOSE: SPM(0): 0xc400006f 0x8003 0x0 0x0 0x0 0x0 0x0 0x0
VERBOSE: SPM(0): 0xc4000070 0x80030000 0x0 0x0 0x0 0x0 0x0 0x0
VERBOSE: SPM(0): 0x84000077 0x0 0x0 0x0 0x0 0x0 0x0 0x0
VERBOSE: SPM(0): 0x84000061 0x0 0x0 0x0 0x0 0x0 0x0 0x0
VERBOSE: SPM(0): 0x8400006f 0x8002 0x0 0x92834 0x0 0x0 0x0 0x0
VERBOSE: SPM(0): 0x84000070 0x80020000 0x0 0x0 0x0 0x0 0x0 0x0
VERBOSE: SPM(0): 0x8400006f 0x8003 0x0 0x9a834 0x0 0x0 0x0 0x0
VERBOSE: SPM(0): 0x84000070 0x80030000 0x0 0x0 0x0 0x0 0x0 0x0
VERBOSE: SPM(0): 0x84000067 0x0 0x0 0x0 0x0 0x0 0x0 0x0
VERBOSE: SPM(0): 0x84000061 0x0 0x0 0x0 0x0 0x0 0x0 0x0
VERBOSE: SPM(0): 0x84000069 0x0 0x0 0x0 0x0 0x0 0x0 0x0
VERBOSE: SPM(0): 0x8400006f 0x8001 0x0 0x10834 0x0 0x0 0x0 0x0
VERBOSE: SPM(0): 0x84000070 0x80010000 0x0 0x0 0x0 0x0 0x0 0x0
VERBOSE: SPM(0): 0xc4000066 0x8811a000 0x8811c000 0x1 0x0 0x0 0x0 0x0
VERBOSE: SPM(0): 0x84000061 0x0 0x0 0x0 0x0 0x0 0x0 0x0
VERBOSE: SPM(0): 0xc4000072 0x90 0x90 0x0 0x0 0x0 0x0 0x0
VERBOSE: SPM(0): 0x84000061 0x0 0x0 0x0 0x0 0x0 0x0 0x0
VERBOSE: SPM(0): 0x8400006f 0x8002 0x0 0x92835 0xc4000072 0x80038002 0x0 0x0
VERBOSE: SPM(0): 0x84000070 0x80020000 0x0 0x0 0x0 0x0 0x0 0x0
VERBOSE: SPM(0): 0x8400006f 0x8003 0x0 0x9a835 0xc4000072 0x80038002 0x0 0x0
VERBOSE: SPM(0): 0x84000070 0x80030000 0x0 0x0 0x0 0x0 0x0 0x0
VERBOSE: SPM(0): 0xc400006f 0x8002 0x0 0x0 0x0 0x0 0x0 0x0
VERBOSE: SPM(0): 0xc4000070 0x80020000 0x0 0x0 0x0 0x0 0x0 0x0
VERBOSE: SPM(0): 0xc400006f 0x8003 0x0 0x0 0x0 0x0 0x0 0x0
VERBOSE: SPM(0): 0xc4000070 0x80030000 0x0 0x0 0x0 0x0 0x0 0x0
VERBOSE: SPM(0): 0xc400006f 0x8002 0x0 0x0 0x0 0x0 0x0 0x0
VERBOSE: SPM(0): 0xc4000070 0x80020000 0x0 0x0 0x0 0x0 0x0 0x0
VERBOSE: SPM(0): 0xc400006f 0x8003 0x0 0x0 0x0 0x0 0x0 0x0
VERBOSE: SPM(0): 0xc4000070 0x80030000 0x0 0x0 0x0 0x0 0x0 0x0
VERBOSE: SPM(0): 0x84000077 0x0 0x0 0x0 0x0 0x0 0x0 0x0
VERBOSE: SPM(0): 0x84000061 0x0 0x0 0x0 0x0 0x0 0x0 0x0
VERBOSE: SPM(0): 0x8400006f 0x8002 0x0 0x92835 0x0 0x0 0x0 0x0
VERBOSE: SPM(0): 0x84000070 0x80020000 0x0 0x0 0x0 0x0 0x0 0x0
VERBOSE: SPM(0): 0x8400006f 0x8003 0x0 0x9a835 0x0 0x0 0x0 0x0
VERBOSE: SPM(0): 0x84000070 0x80030000 0x0 0x0 0x0 0x0 0x0 0x0
VERBOSE: SPM(0): 0x84000067 0x0 0x0 0x0 0x0 0x0 0x0 0x0
VERBOSE: SPM(0): 0x84000061 0x0 0x0 0x0 0x0 0x0 0x0 0x0
VERBOSE: SPM(0): 0xc4000066 0x8811a000 0x8811c000 0x1 0x0 0x0 0x0 0x0
VERBOSE: SPM(0): 0x84000061 0x0 0x0 0x0 0x0 0x0 0x0 0x0
VERBOSE: SPM(0): 0x84000072 0x90 0x90 0x0 0x0 0x0 0x0 0x0
VERBOSE: SPM(0): 0x84000061 0x0 0x0 0x0 0x0 0x0 0x0 0x0
VERBOSE: SPM(0): 0x8400006f 0x8002 0x0 0x92835 0x84000072 0x80038002 0x0 0x0
VERBOSE: SPM(0): 0x84000070 0x80020000 0x0 0x0 0x0 0x0 0x0 0x0
VERBOSE: SPM(0): 0x8400006f 0x8003 0x0 0x9a835 0x84000072 0x80038002 0x0 0x0
VERBOSE: SPM(0): 0x84000070 0x80030000 0x0 0x0 0x0 0x0 0x0 0x0
VERBOSE: SPM(0): 0xc400006f 0x8002 0x0 0x0 0x0 0x0 0x0 0x0
VERBOSE: SPM(0): 0xc4000070 0x80020000 0x0 0x0 0x0 0x0 0x0 0x0
VERBOSE: SPM(0): 0xc400006f 0x8003 0x0 0x0 0x0 0x0 0x0 0x0
VERBOSE: SPM(0): 0xc4000070 0x80030000 0x0 0x0 0x0 0x0 0x0 0x0
VERBOSE: SPM(0): 0xc400006f 0x8002 0x0 0x0 0x0 0x0 0x0 0x0
VERBOSE: SPM(0): 0xc4000070 0x80020000 0x0 0x0 0x0 0x0 0x0 0x0
VERBOSE: SPM(0): 0xc400006f 0x8003 0x0 0x0 0x0 0x0 0x0 0x0
VERBOSE: SPM(0): 0xc4000070 0x80030000 0x0 0x0 0x0 0x0 0x0 0x0
VERBOSE: SPM(0): 0x84000077 0x0 0x0 0x0 0x0 0x0 0x0 0x0
VERBOSE: SPM(0): 0x84000061 0x0 0x0 0x0 0x0 0x0 0x0 0x0
VERBOSE: SPM(0): 0x8400006f 0x8002 0x0 0x92835 0x0 0x0 0x0 0x0
VERBOSE: SPM(0): 0x84000070 0x80020000 0x0 0x0 0x0 0x0 0x0 0x0
VERBOSE: SPM(0): 0x8400006f 0x8003 0x0 0x9a835 0x0 0x0 0x0 0x0
VERBOSE: SPM(0): 0x84000070 0x80030000 0x0 0x0 0x0 0x0 0x0 0x0
VERBOSE: SPM(0): 0x84000067 0x0 0x0 0x0 0x0 0x0 0x0 0x0
VERBOSE: SPM(0): 0x84000061 0x0 0x0 0x0 0x0 0x0 0x0 0x0
VERBOSE: SPM(0): 0x84000069 0x0 0x0 0x0 0x0 0x0 0x0 0x0
VERBOSE: SPM(0): 0x8400006f 0x8001 0x0 0x10835 0x0 0x0 0x0 0x0
VERBOSE: SPM(0): 0x84000070 0x80010000 0x0 0x0 0x0 0x0 0x0 0x0
VERBOSE: SPM(0): 0x84000069 0x0 0x0 0x0 0x0 0x0 0x0 0x0
VERBOSE: SPM(0): 0x8400006f 0x8001 0x0 0x10836 0x0 0x0 0x0 0x0
VERBOSE: SPM(0): 0x84000070 0x80010000 0x0 0x0 0x0 0x0 0x0 0x0
VERBOSE: SPM(0): 0xc4000066 0x8811a000 0x8811c000 0x1 0x0 0x0 0x0 0x0
VERBOSE: SPM(0): 0x84000061 0x0 0x0 0x0 0x0 0x0 0x0 0x0
VERBOSE: SPM(0): 0x8400006f 0x8001 0x0 0x8a836 0xc4000072 0x0 0x0 0x0
VERBOSE: SPM(0): 0x84000070 0x80010000 0x0 0x0 0x0 0x0 0x0 0x0
VERBOSE: SPM(0): 0xc4000072 0x70 0x70 0x0 0x0 0x0 0x0 0x0
VERBOSE: SPM(0): 0x84000061 0x0 0x0 0x0 0x0 0x0 0x0 0x0
VERBOSE: SPM(0): 0xc400006f 0x8001 0x0 0x0 0x0 0x0 0x0 0x0
VERBOSE: SPM(0): 0xc4000070 0x80010000 0x0 0x0 0x0 0x0 0x0 0x0
VERBOSE: SPM(0): 0x84000077 0x0 0x0 0x0 0x0 0x0 0x0 0x0
VERBOSE: SPM(0): 0x84000061 0x0 0x0 0x0 0x0 0x0 0x0 0x0
VERBOSE: SPM(0): 0x84000067 0x0 0x0 0x0 0x0 0x0 0x0 0x0
VERBOSE: SPM(0): 0x84000061 0x0 0x0 0x0 0x0 0x0 0x0 0x0
VERBOSE: SPM(0): 0x8400006f 0x8001 0x0 0x8a836 0x0 0x0 0x0 0x0
VERBOSE: SPM(0): 0x84000070 0x80010000 0x0 0x0 0x0 0x0 0x0 0x0
VERBOSE: SPM(0): 0xc4000066 0x8811a000 0x8811c000 0x1 0x0 0x0 0x0 0x0
VERBOSE: SPM(0): 0x84000061 0x0 0x0 0x0 0x0 0x0 0x0 0x0
VERBOSE: SPM(0): 0x8400006f 0x8001 0x0 0x8a836 0x84000072 0x0 0x0 0x0
VERBOSE: SPM(0): 0x84000070 0x80010000 0x0 0x0 0x0 0x0 0x0 0x0
VERBOSE: SPM(0): 0x84000072 0x70 0x70 0x0 0x0 0x0 0x0 0x0
VERBOSE: SPM(0): 0x84000061 0x0 0x0 0x0 0x0 0x0 0x0 0x0
VERBOSE: SPM(0): 0xc400006f 0x8001 0x0 0x0 0x0 0x0 0x0 0x0
VERBOSE: SPM(0): 0xc4000070 0x80010000 0x0 0x0 0x0 0x0 0x0 0x0
VERBOSE: SPM(0): 0x84000077 0x0 0x0 0x0 0x0 0x0 0x0 0x0
VERBOSE: SPM(0): 0x84000061 0x0 0x0 0x0 0x0 0x0 0x0 0x0
VERBOSE: SPM(0): 0x84000067 0x0 0x0 0x0 0x0 0x0 0x0 0x0
VERBOSE: SPM(0): 0x84000061 0x0 0x0 0x0 0x0 0x0 0x0 0x0
VERBOSE: SPM(0): 0x8400006f 0x8001 0x0 0x8a836 0x0 0x0 0x0 0x0
VERBOSE: SPM(0): 0x84000070 0x80010000 0x0 0x0 0x0 0x0 0x0 0x0
VERBOSE: SPM(0): 0xc4000066 0x8811a000 0x8811c000 0x1 0x0 0x0 0x0 0x0
VERBOSE: SPM(0): 0x84000061 0x0 0x0 0x0 0x0 0x0 0x0 0x0
VERBOSE: SPM(0): 0xc4000072 0x90 0x90 0x0 0x0 0x0 0x0 0x0
VERBOSE: SPM(0): 0x84000061 0x0 0x0 0x0 0x0 0x0 0x0 0x0
VERBOSE: SPM(0): 0x8400006f 0x8001 0x0 0x8a837 0xc4000072 0x80038001 0x0 0x0
VERBOSE: SPM(0): 0x84000070 0x80010000 0x0 0x0 0x0 0x0 0x0 0x0
VERBOSE: SPM(0): 0x8400006f 0x8003 0x0 0x9a837 0xc4000072 0x80038001 0x0 0x0
VERBOSE: SPM(0): 0x84000070 0x80030000 0x0 0x0 0x0 0x0 0x0 0x0
VERBOSE: SPM(0): 0xc400006f 0x8001 0x0 0x0 0x0 0x0 0x0 0x0
VERBOSE: SPM(0): 0x84000070 0x80010000 0x0 0x0 0x0 0x0 0x0 0x0
VERBOSE: SPM(0): 0xc400006f 0x8003 0x0 0x0 0x0 0x0 0x0 0x0
VERBOSE: SPM(0): 0x84000070 0x80030000 0x0 0x0 0x0 0x0 0x0 0x0
VERBOSE: SPM(0): 0x8400006f 0x8001 0x0 0x8a837 0x0 0x0 0x0 0x0
VERBOSE: SPM(0): 0xc4000070 0x80010000 0x0 0x0 0x0 0x0 0x0 0x0
VERBOSE: SPM(0): 0x84000077 0x0 0x0 0x0 0x0 0x0 0x0 0x0
VERBOSE: SPM(0): 0x84000060 0x0 0xfffffffa 0x0 0x0 0x0 0x0 0x0
VERBOSE: SPM(0): 0x8400006f 0x8003 0x0 0x9a837 0x0 0x0 0x0 0x0
VERBOSE: SPM(0): 0xc4000070 0x80030000 0x0 0x0 0x0 0x0 0x0 0x0
VERBOSE: SPM(0): 0x84000077 0x0 0x0 0x0 0x0 0x0 0x0 0x0
VERBOSE: SPM(0): 0x84000061 0x0 0x0 0x0 0x0 0x0 0x0 0x0
VERBOSE: SPM(0): 0x8400006f 0x8001 0x0 0x8a837 0x0 0x0 0x0 0x0
VERBOSE: SPM(0): 0x84000070 0x80010000 0x0 0x0 0x0 0x0 0x0 0x0
VERBOSE: SPM(0): 0x8400006f 0x8003 0x0 0x9a837 0x0 0x0 0x0 0x0
VERBOSE: SPM(0): 0x84000070 0x80030000 0x0 0x0 0x0 0x0 0x0 0x0
VERBOSE: SPM(0): 0x84000067 0x0 0x0 0x0 0x0 0x0 0x0 0x0
VERBOSE: SPM(0): 0x84000061 0x0 0x0 0x0 0x0 0x0 0x0 0x0
VERBOSE: SPM(0): 0xc4000066 0x8811a000 0x8811c000 0x1 0x0 0x0 0x0 0x0
VERBOSE: SPM(0): 0x84000061 0x0 0x0 0x0 0x0 0x0 0x0 0x0
VERBOSE: SPM(0): 0x84000072 0x90 0x90 0x0 0x0 0x0 0x0 0x0
VERBOSE: SPM(0): 0x84000061 0x0 0x0 0x0 0x0 0x0 0x0 0x0
VERBOSE: SPM(0): 0x8400006f 0x8001 0x0 0x8a837 0x84000072 0x80038001 0x0 0x0
VERBOSE: SPM(0): 0x84000070 0x80010000 0x0 0x0 0x0 0x0 0x0 0x0
VERBOSE: SPM(0): 0x8400006f 0x8003 0x0 0x9a837 0x84000072 0x80038001 0x0 0x0
VERBOSE: SPM(0): 0x84000070 0x80030000 0x0 0x0 0x0 0x0 0x0 0x0
VERBOSE: SPM(0): 0xc400006f 0x8001 0x0 0x0 0x0 0x0 0x0 0x0
VERBOSE: SPM(0): 0x84000070 0x80010000 0x0 0x0 0x0 0x0 0x0 0x0
VERBOSE: SPM(0): 0xc400006f 0x8003 0x0 0x0 0x0 0x0 0x0 0x0
VERBOSE: SPM(0): 0x84000070 0x80030000 0x0 0x0 0x0 0x0 0x0 0x0
VERBOSE: SPM(0): 0x8400006f 0x8001 0x0 0x8a837 0x0 0x0 0x0 0x0
VERBOSE: SPM(0): 0xc4000070 0x80010000 0x0 0x0 0x0 0x0 0x0 0x0
VERBOSE: SPM(0): 0x84000077 0x0 0x0 0x0 0x0 0x0 0x0 0x0
VERBOSE: SPM(0): 0x84000060 0x0 0xfffffffa 0x0 0x0 0x0 0x0 0x0
VERBOSE: SPM(0): 0x8400006f 0x8003 0x0 0x9a837 0x0 0x0 0x0 0x0
VERBOSE: SPM(0): 0xc4000070 0x80030000 0x0 0x0 0x0 0x0 0x0 0x0
VERBOSE: SPM(0): 0x84000077 0x0 0x0 0x0 0x0 0x0 0x0 0x0
VERBOSE: SPM(0): 0x84000061 0x0 0x0 0x0 0x0 0x0 0x0 0x0
VERBOSE: SPM(0): 0x8400006f 0x8001 0x0 0x8a837 0x0 0x0 0x0 0x0
VERBOSE: SPM(0): 0x84000070 0x80010000 0x0 0x0 0x0 0x0 0x0 0x0
VERBOSE: SPM(0): 0x8400006f 0x8003 0x0 0x9a837 0x0 0x0 0x0 0x0
VERBOSE: SPM(0): 0x84000070 0x80030000 0x0 0x0 0x0 0x0 0x0 0x0
VERBOSE: SPM(0): 0x84000067 0x0 0x0 0x0 0x0 0x0 0x0 0x0
VERBOSE: SPM(0): 0x84000061 0x0 0x0 0x0 0x0 0x0 0x0 0x0
VERBOSE: SPM(0): 0x84000069 0x0 0x0 0x0 0x0 0x0 0x0 0x0
VERBOSE: SPM(0): 0x8400006f 0x8001 0x0 0x10837 0x0 0x0 0x0 0x0
VERBOSE: SPM(0): 0x84000070 0x80010000 0x0 0x0 0x0 0x0 0x0 0x0
VERBOSE: SPM(0): 0xc4000066 0x8811a000 0x8811c000 0x1 0x0 0x0 0x0 0x0
VERBOSE: SPM(0): 0x84000061 0x0 0x0 0x0 0x0 0x0 0x0 0x0
VERBOSE: SPM(0): 0xc4000072 0x90 0x90 0x0 0x0 0x0 0x0 0x0
VERBOSE: SPM(0): 0x84000061 0x0 0x0 0x0 0x0 0x0 0x0 0x0
VERBOSE: SPM(0): 0x8400006f 0x8002 0x0 0x92838 0xc4000072 0x80038002 0x0 0x0
VERBOSE: SPM(0): 0x84000070 0x80020000 0x0 0x0 0x0 0x0 0x0 0x0
VERBOSE: SPM(0): 0x8400006f 0x8003 0x0 0x9a838 0xc4000072 0x80038002 0x0 0x0
VERBOSE: SPM(0): 0x84000070 0x80030000 0x0 0x0 0x0 0x0 0x0 0x0
VERBOSE: SPM(0): 0xc400006f 0x8002 0x0 0x0 0x0 0x0 0x0 0x0
VERBOSE: SPM(0): 0xc4000070 0x80020000 0x0 0x0 0x0 0x0 0x0 0x0
VERBOSE: SPM(0): 0xc400006f 0x8003 0x0 0x0 0x0 0x0 0x0 0x0
VERBOSE: SPM(0): 0xc4000070 0x80030000 0x0 0x0 0x0 0x0 0x0 0x0
VERBOSE: SPM(0): 0xc400006f 0x8002 0x0 0x0 0x0 0x0 0x0 0x0
VERBOSE: SPM(0): 0xc4000070 0x80020000 0x0 0x0 0x0 0x0 0x0 0x0
VERBOSE: SPM(0): 0xc400006f 0x8003 0x0 0x0 0x0 0x0 0x0 0x0
VERBOSE: SPM(0): 0xc4000070 0x80030000 0x0 0x0 0x0 0x0 0x0 0x0
VERBOSE: SPM(0): 0x84000077 0x0 0x0 0x0 0x0 0x0 0x0 0x0
VERBOSE: SPM(0): 0x84000061 0x0 0x0 0x0 0x0 0x0 0x0 0x0
VERBOSE: SPM(0): 0x8400006f 0x8002 0x0 0x92838 0x0 0x0 0x0 0x0
VERBOSE: SPM(0): 0x84000070 0x80020000 0x0 0x0 0x0 0x0 0x0 0x0
VERBOSE: SPM(0): 0x8400006f 0x8003 0x0 0x9a838 0x0 0x0 0x0 0x0
VERBOSE: SPM(0): 0x84000070 0x80030000 0x0 0x0 0x0 0x0 0x0 0x0
VERBOSE: SPM(0): 0x84000067 0x0 0x0 0x0 0x0 0x0 0x0 0x0
VERBOSE: SPM(0): 0x84000061 0x0 0x0 0x0 0x0 0x0 0x0 0x0
VERBOSE: SPM(0): 0xc4000066 0x8811a000 0x8811c000 0x1 0x0 0x0 0x0 0x0
VERBOSE: SPM(0): 0x84000061 0x0 0x0 0x0 0x0 0x0 0x0 0x0
VERBOSE: SPM(0): 0x84000072 0x90 0x90 0x0 0x0 0x0 0x0 0x0
VERBOSE: SPM(0): 0x84000061 0x0 0x0 0x0 0x0 0x0 0x0 0x0
VERBOSE: SPM(0): 0x8400006f 0x8002 0x0 0x92838 0x84000072 0x80038002 0x0 0x0
VERBOSE: SPM(0): 0x84000070 0x80020000 0x0 0x0 0x0 0x0 0x0 0x0
VERBOSE: SPM(0): 0x8400006f 0x8003 0x0 0x9a838 0x84000072 0x80038002 0x0 0x0
VERBOSE: SPM(0): 0x84000070 0x80030000 0x0 0x0 0x0 0x0 0x0 0x0
VERBOSE: SPM(0): 0xc400006f 0x8002 0x0 0x0 0x0 0x0 0x0 0x0
VERBOSE: SPM(0): 0xc4000070 0x80020000 0x0 0x0 0x0 0x0 0x0 0x0
VERBOSE: SPM(0): 0xc400006f 0x8003 0x0 0x0 0x0 0x0 0x0 0x0
VERBOSE: SPM(0): 0xc4000070 0x80030000 0x0 0x0 0x0 0x0 0x0 0x0
VERBOSE: SPM(0): 0xc400006f 0x8002 0x0 0x0 0x0 0x0 0x0 0x0
VERBOSE: SPM(0): 0xc4000070 0x80020000 0x0 0x0 0x0 0x0 0x0 0x0
VERBOSE: SPM(0): 0xc400006f 0x8003 0x0 0x0 0x0 0x0 0x0 0x0
VERBOSE: SPM(0): 0xc4000070 0x80030000 0x0 0x0 0x0 0x0 0x0 0x0
VERBOSE: SPM(0): 0x84000077 0x0 0x0 0x0 0x0 0x0 0x0 0x0
VERBOSE: SPM(0): 0x84000061 0x0 0x0 0x0 0x0 0x0 0x0 0x0
VERBOSE: SPM(0): 0x8400006f 0x8002 0x0 0x92838 0x0 0x0 0x0 0x0
VERBOSE: SPM(0): 0x84000070 0x80020000 0x0 0x0 0x0 0x0 0x0 0x0
VERBOSE: SPM(0): 0x8400006f 0x8003 0x0 0x9a838 0x0 0x0 0x0 0x0
VERBOSE: SPM(0): 0x84000070 0x80030000 0x0 0x0 0x0 0x0 0x0 0x0
VERBOSE: SPM(0): 0x84000067 0x0 0x0 0x0 0x0 0x0 0x0 0x0
VERBOSE: SPM(0): 0x84000061 0x0 0x0 0x0 0x0 0x0 0x0 0x0
VERBOSE: SPM(0): 0x84000069 0x0 0x0 0x0 0x0 0x0 0x0 0x0
VERBOSE: SPM(0): 0x8400006f 0x8001 0x0 0x10838 0x0 0x0 0x0 0x0
VERBOSE: SPM(0): 0x84000070 0x80010000 0x0 0x0 0x0 0x0 0x0 0x0
VERBOSE: SPM(0): 0x84000069 0x0 0x0 0x0 0x0 0x0 0x0 0x0
VERBOSE: SPM(0): 0x8400006f 0x8001 0x0 0x10839 0x0 0x0 0x0 0x0
VERBOSE: SPM(0): 0x84000070 0x80010000 0x0 0x0 0x0 0x0 0x0 0x0
VERBOSE: SPM(0): 0xc4000066 0x8811a000 0x8811c000 0x1 0x0 0x0 0x0 0x0
VERBOSE: SPM(0): 0x84000061 0x0 0x0 0x0 0x0 0x0 0x0 0x0
VERBOSE: SPM(0): 0x8400006f 0x8002 0x0 0x92839 0xc4000072 0x0 0x0 0x0
VERBOSE: SPM(0): 0x84000070 0x80020000 0x0 0x0 0x0 0x0 0x0 0x0
VERBOSE: SPM(0): 0xc4000072 0x70 0x70 0x0 0x0 0x0 0x0 0x0
VERBOSE: SPM(0): 0x84000061 0x0 0x0 0x0 0x0 0x0 0x0 0x0
VERBOSE: SPM(0): 0xc400006f 0x8002 0x0 0x0 0x0 0x0 0x0 0x0
VERBOSE: SPM(0): 0xc4000070 0x80020000 0x0 0x0 0x0 0x0 0x0 0x0
VERBOSE: SPM(0): 0x84000077 0x0 0x0 0x0 0x0 0x0 0x0 0x0
VERBOSE: SPM(0): 0x84000061 0x0 0x0 0x0 0x0 0x0 0x0 0x0
VERBOSE: SPM(0): 0x84000067 0x0 0x0 0x0 0x0 0x0 0x0 0x0
VERBOSE: SPM(0): 0x84000061 0x0 0x0 0x0 0x0 0x0 0x0 0x0
VERBOSE: SPM(0): 0x8400006f 0x8002 0x0 0x92839 0x0 0x0 0x0 0x0
VERBOSE: SPM(0): 0x84000070 0x80020000 0x0 0x0 0x0 0x0 0x0 0x0
VERBOSE: SPM(0): 0xc4000066 0x8811a000 0x8811c000 0x1 0x0 0x0 0x0 0x0
VERBOSE: SPM(0): 0x84000061 0x0 0x0 0x0 0x0 0x0 0x0 0x0
VERBOSE: SPM(0): 0x8400006f 0x8002 0x0 0x92839 0x84000072 0x0 0x0 0x0
VERBOSE: SPM(0): 0x84000070 0x80020000 0x0 0x0 0x0 0x0 0x0 0x0
VERBOSE: SPM(0): 0x84000072 0x70 0x70 0x0 0x0 0x0 0x0 0x0
VERBOSE: SPM(0): 0x84000061 0x0 0x0 0x0 0x0 0x0 0x0 0x0
VERBOSE: SPM(0): 0xc400006f 0x8002 0x0 0x0 0x0 0x0 0x0 0x0
VERBOSE: SPM(0): 0xc4000070 0x80020000 0x0 0x0 0x0 0x0 0x0 0x0
VERBOSE: SPM(0): 0x84000077 0x0 0x0 0x0 0x0 0x0 0x0 0x0
VERBOSE: SPM(0): 0x84000061 0x0 0x0 0x0 0x0 0x0 0x0 0x0
VERBOSE: SPM(0): 0x84000067 0x0 0x0 0x0 0x0 0x0 0x0 0x0
VERBOSE: SPM(0): 0x84000061 0x0 0x0 0x0 0x0 0x0 0x0 0x0
VERBOSE: SPM(0): 0x8400006f 0x8002 0x0 0x92839 0x0 0x0 0x0 0x0
VERBOSE: SPM(0): 0x84000070 0x80020000 0x0 0x0 0x0 0x0 0x0 0x0
VERBOSE: SPM(0): 0xc4000066 0x8811a000 0x8811c000 0x1 0x0 0x0 0x0 0x0
VERBOSE: SPM(0): 0x84000061 0x0 0x0 0x0 0x0 0x0 0x0 0x0
VERBOSE: SPM(0): 0xc4000073 0x90 0x90 0x0 0x0 0x0 0x0 0x0
VERBOSE: SPM(0): 0x84000061 0x0 0x0 0x0 0x0 0x0 0x0 0x0
VERBOSE: SPM(0): 0x8400006f 0x8001 0x0 0x8a83a 0xc4000073 0x80038001 0x0 0x0
VERBOSE: SPM(0): 0x84000070 0x80010000 0x0 0x0 0x0 0x0 0x0 0x0
VERBOSE: SPM(0): 0x8400006f 0x8003 0x0 0x9a83a 0xc4000073 0x80038001 0x0 0x0
VERBOSE: SPM(0): 0x84000070 0x80030000 0x0 0x0 0x0 0x0 0x0 0x0
VERBOSE: SPM(0): 0xc400006f 0x8001 0x0 0x0 0x0 0x0 0x0 0x0
VERBOSE: SPM(0): 0x84000070 0x80010000 0x0 0x0 0x0 0x0 0x0 0x0
VERBOSE: SPM(0): 0xc400006f 0x8003 0x0 0x0 0x0 0x0 0x0 0x0
VERBOSE: SPM(0): 0x84000070 0x80030000 0x0 0x0 0x0 0x0 0x0 0x0
VERBOSE: SPM(0): 0xc4000073 0x90 0x90 0x0 0x0 0x0 0x0 0x0
VERBOSE: SPM(0): 0x84000060 0x0 0xfffffffa 0x0 0x0 0x0 0x0 0x0
VERBOSE: SPM(0): 0x8400006f 0x8001 0x0 0x8a83a 0xc4000073 0x80038001 0x0 0x0
VERBOSE: SPM(0): 0xc4000070 0x80010000 0x0 0x0 0x0 0x0 0x0 0x0
VERBOSE: SPM(0): 0x8400006f 0x8003 0x0 0x9a83a 0xc4000073 0x80038001 0x0 0x0
VERBOSE: SPM(0): 0xc4000070 0x80030000 0x0 0x0 0x0 0x0 0x0 0x0
VERBOSE: SPM(0): 0x84000077 0x0 0x0 0x0 0x0 0x0 0x0 0x0
VERBOSE: SPM(0): 0x84000061 0x0 0x0 0x0 0x0 0x0 0x0 0x0
VERBOSE: SPM(0): 0x8400006f 0x8001 0x0 0x8a83a 0x0 0x0 0x0 0x0
VERBOSE: SPM(0): 0x84000070 0x80010000 0x0 0x0 0x0 0x0 0x0 0x0
VERBOSE: SPM(0): 0x8400006f 0x8003 0x0 0x9a83a 0x0 0x0 0x0 0x0
VERBOSE: SPM(0): 0x84000070 0x80030000 0x0 0x0 0x0 0x0 0x0 0x0
VERBOSE: SPM(0): 0x84000067 0x0 0x0 0x0 0x0 0x0 0x0 0x0
VERBOSE: SPM(0): 0x84000061 0x0 0x0 0x0 0x0 0x0 0x0 0x0
VERBOSE: SPM(0): 0xc4000066 0x8811a000 0x8811c000 0x1 0x0 0x0 0x0 0x0
VERBOSE: SPM(0): 0x84000061 0x0 0x0 0x0 0x0 0x0 0x0 0x0
VERBOSE: SPM(0): 0x84000073 0x90 0x90 0x0 0x0 0x0 0x0 0x0
VERBOSE: SPM(0): 0x84000061 0x0 0x0 0x0 0x0 0x0 0x0 0x0
VERBOSE: SPM(0): 0x8400006f 0x8001 0x0 0x8a83a 0x84000073 0x80038001 0x0 0x0
VERBOSE: SPM(0): 0x84000070 0x80010000 0x0 0x0 0x0 0x0 0x0 0x0
VERBOSE: SPM(0): 0x8400006f 0x8003 0x0 0x9a83a 0x84000073 0x80038001 0x0 0x0
VERBOSE: SPM(0): 0x84000070 0x80030000 0x0 0x0 0x0 0x0 0x0 0x0
VERBOSE: SPM(0): 0xc400006f 0x8001 0x0 0x0 0x0 0x0 0x0 0x0
VERBOSE: SPM(0): 0x84000070 0x80010000 0x0 0x0 0x0 0x0 0x0 0x0
VERBOSE: SPM(0): 0xc400006f 0x8003 0x0 0x0 0x0 0x0 0x0 0x0
VERBOSE: SPM(0): 0x84000070 0x80030000 0x0 0x0 0x0 0x0 0x0 0x0
VERBOSE: SPM(0): 0x84000073 0x90 0x90 0x0 0x0 0x0 0x0 0x0
VERBOSE: SPM(0): 0x84000060 0x0 0xfffffffa 0x0 0x0 0x0 0x0 0x0
VERBOSE: SPM(0): 0x8400006f 0x8001 0x0 0x8a83a 0x84000073 0x80038001 0x0 0x0
VERBOSE: SPM(0): 0xc4000070 0x80010000 0x0 0x0 0x0 0x0 0x0 0x0
VERBOSE: SPM(0): 0x8400006f 0x8003 0x0 0x9a83a 0x84000073 0x80038001 0x0 0x0
VERBOSE: SPM(0): 0xc4000070 0x80030000 0x0 0x0 0x0 0x0 0x0 0x0
VERBOSE: SPM(0): 0x84000077 0x0 0x0 0x0 0x0 0x0 0x0 0x0
VERBOSE: SPM(0): 0x84000061 0x0 0x0 0x0 0x0 0x0 0x0 0x0
VERBOSE: SPM(0): 0x8400006f 0x8001 0x0 0x8a83a 0x0 0x0 0x0 0x0
VERBOSE: SPM(0): 0x84000070 0x80010000 0x0 0x0 0x0 0x0 0x0 0x0
VERBOSE: SPM(0): 0x8400006f 0x8003 0x0 0x9a83a 0x0 0x0 0x0 0x0
VERBOSE: SPM(0): 0x84000070 0x80030000 0x0 0x0 0x0 0x0 0x0 0x0
VERBOSE: SPM(0): 0x84000067 0x0 0x0 0x0 0x0 0x0 0x0 0x0
VERBOSE: SPM(0): 0x84000061 0x0 0x0 0x0 0x0 0x0 0x0 0x0
VERBOSE: SPM(0): 0x84000069 0x0 0x0 0x0 0x0 0x0 0x0 0x0
VERBOSE: SPM(0): 0x8400006f 0x8001 0x0 0x1083a 0x0 0x0 0x0 0x0
VERBOSE: SPM(0): 0x84000070 0x80010000 0x0 0x0 0x0 0x0 0x0 0x0
VERBOSE: SPM(0): 0xc4000066 0x8811a000 0x8811c000 0x1 0x0 0x0 0x0 0x0
VERBOSE: SPM(0): 0x84000061 0x0 0x0 0x0 0x0 0x0 0x0 0x0
VERBOSE: SPM(0): 0xc4000072 0x90 0x90 0x0 0x0 0x0 0x0 0x0
VERBOSE: SPM(0): 0x84000061 0x0 0x0 0x0 0x0 0x0 0x0 0x0
VERBOSE: SPM(0): 0x8400006f 0x8001 0x0 0x8a83b 0xc4000072 0x80038001 0x0 0x0
VERBOSE: SPM(0): 0x84000070 0x80010000 0x0 0x0 0x0 0x0 0x0 0x0
VERBOSE: SPM(0): 0xc400006f 0x8001 0x0 0x0 0x0 0x0 0x0 0x0
VERBOSE: SPM(0): 0x84000070 0x80010000 0x0 0x0 0x0 0x0 0x0 0x0
VERBOSE: SPM(0): 0xc4000073 0x70 0x70 0x0 0x0 0x0 0x0 0x0
VERBOSE: SPM(0): 0x84000060 0x0 0xfffffffa 0x0 0x0 0x0 0x0 0x0
VERBOSE: SPM(0): 0x8400006f 0x8001 0x0 0x8a83b 0xc4000073 0x0 0x0 0x0
VERBOSE: SPM(0): 0xc4000070 0x80010000 0x0 0x0 0x0 0x0 0x0 0x0
VERBOSE: SPM(0): 0x84000077 0x0 0x0 0x0 0x0 0x0 0x0 0x0
VERBOSE: SPM(0): 0x84000061 0x0 0x0 0x0 0x0 0x0 0x0 0x0
VERBOSE: SPM(0): 0x8400006f 0x8001 0x0 0x8a83b 0x0 0x0 0x0 0x0
VERBOSE: SPM(0): 0x84000070 0x80010000 0x0 0x0 0x0 0x0 0x0 0x0
VERBOSE: SPM(0): 0x84000067 0x0 0x0 0x0 0x0 0x0 0x0 0x0
VERBOSE: SPM(0): 0x84000061 0x0 0x0 0x0 0x0 0x0 0x0 0x0
VERBOSE: SPM(0): 0xc4000066 0x8811a000 0x8811c000 0x1 0x0 0x0 0x0 0x0
VERBOSE: SPM(0): 0x84000061 0x0 0x0 0x0 0x0 0x0 0x0 0x0
VERBOSE: SPM(0): 0xc4000072 0x90 0x90 0x0 0x0 0x0 0x0 0x0
VERBOSE: SPM(0): 0x84000061 0x0 0x0 0x0 0x0 0x0 0x0 0x0
VERBOSE: SPM(0): 0x8400006f 0x8001 0x0 0x8a83b 0xc4000072 0x80038001 0x0 0x0
VERBOSE: SPM(0): 0x84000070 0x80010000 0x0 0x0 0x0 0x0 0x0 0x0
VERBOSE: SPM(0): 0xc400006f 0x8001 0x0 0x0 0x0 0x0 0x0 0x0
VERBOSE: SPM(0): 0x84000070 0x80010000 0x0 0x0 0x0 0x0 0x0 0x0
VERBOSE: SPM(0): 0x84000073 0x70 0x70 0x0 0x0 0x0 0x0 0x0
VERBOSE: SPM(0): 0x84000060 0x0 0xfffffffa 0x0 0x0 0x0 0x0 0x0
VERBOSE: SPM(0): 0x8400006f 0x8001 0x0 0x8a83b 0x84000073 0x0 0x0 0x0
VERBOSE: SPM(0): 0xc4000070 0x80010000 0x0 0x0 0x0 0x0 0x0 0x0
VERBOSE: SPM(0): 0x84000077 0x0 0x0 0x0 0x0 0x0 0x0 0x0
VERBOSE: SPM(0): 0x84000061 0x0 0x0 0x0 0x0 0x0 0x0 0x0
VERBOSE: SPM(0): 0x8400006f 0x8001 0x0 0x8a83b 0x0 0x0 0x0 0x0
VERBOSE: SPM(0): 0x84000070 0x80010000 0x0 0x0 0x0 0x0 0x0 0x0
VERBOSE: SPM(0): 0x84000067 0x0 0x0 0x0 0x0 0x0 0x0 0x0
VERBOSE: SPM(0): 0x84000061 0x0 0x0 0x0 0x0 0x0 0x0 0x0
VERBOSE: SPM(0): 0x84000069 0x0 0x0 0x0 0x0 0x0 0x0 0x0
VERBOSE: SPM(0): 0x8400006f 0x8001 0x0 0x1083b 0x0 0x0 0x0 0x0
VERBOSE: SPM(0): 0x84000070 0x80010000 0x0 0x0 0x0 0x0 0x0 0x0
VERBOSE: SPM(0): 0xc4000066 0x8811a000 0x8811c000 0x1 0x0 0x0 0x0 0x0
VERBOSE: SPM(0): 0x84000061 0x0 0x0 0x0 0x0 0x0 0x0 0x0
VERBOSE: SPM(0): 0xc4000073 0x90 0x90 0x0 0x0 0x0 0x0 0x0
VERBOSE: SPM(0): 0x84000061 0x0 0x0 0x0 0x0 0x0 0x0 0x0
VERBOSE: SPM(0): 0x8400006f 0x8001 0x0 0x8a83c 0xc4000073 0x80038001 0x0 0x0
VERBOSE: SPM(0): 0x84000070 0x80010000 0x0 0x0 0x0 0x0 0x0 0x0
VERBOSE: SPM(0): 0x8400006f 0x8003 0x0 0x9a83c 0xc4000073 0x80038001 0x0 0x0
VERBOSE: SPM(0): 0x84000070 0x80030000 0x0 0x0 0x0 0x0 0x0 0x0
VERBOSE: SPM(0): 0xc400006f 0x8001 0x0 0x0 0x0 0x0 0x0 0x0
VERBOSE: SPM(0): 0xc4000070 0x80010000 0x0 0x0 0x0 0x0 0x0 0x0
VERBOSE: SPM(0): 0xc400006f 0x8003 0x0 0x0 0x0 0x0 0x0 0x0
VERBOSE: SPM(0): 0xc4000070 0x80030000 0x0 0x0 0x0 0x0 0x0 0x0
VERBOSE: SPM(0): 0x84000077 0x0 0x0 0x0 0x0 0x0 0x0 0x0
VERBOSE: SPM(0): 0x84000061 0x0 0x0 0x0 0x0 0x0 0x0 0x0
VERBOSE: SPM(0): 0x8400006f 0x8001 0x0 0x8a83c 0x0 0x0 0x0 0x0
VERBOSE: SPM(0): 0x84000070 0x80010000 0x0 0x0 0x0 0x0 0x0 0x0
VERBOSE: SPM(0): 0x8400006f 0x8003 0x0 0x9a83c 0x0 0x0 0x0 0x0
VERBOSE: SPM(0): 0x84000070 0x80030000 0x0 0x0 0x0 0x0 0x0 0x0
VERBOSE: SPM(0): 0x84000067 0x0 0x0 0x0 0x0 0x0 0x0 0x0
VERBOSE: SPM(0): 0x84000061 0x0 0x0 0x0 0x0 0x0 0x0 0x0
VERBOSE: SPM(0): 0xc4000066 0x8811a000 0x8811c000 0x1 0x0 0x0 0x0 0x0
VERBOSE: SPM(0): 0x84000061 0x0 0x0 0x0 0x0 0x0 0x0 0x0
VERBOSE: SPM(0): 0x84000073 0x90 0x90 0x0 0x0 0x0 0x0 0x0
VERBOSE: SPM(0): 0x84000061 0x0 0x0 0x0 0x0 0x0 0x0 0x0
VERBOSE: SPM(0): 0x8400006f 0x8001 0x0 0x8a83c 0x84000073 0x80038001 0x0 0x0
VERBOSE: SPM(0): 0x84000070 0x80010000 0x0 0x0 0x0 0x0 0x0 0x0
VERBOSE: SPM(0): 0x8400006f 0x8003 0x0 0x9a83c 0x84000073 0x80038001 0x0 0x0
VERBOSE: SPM(0): 0x84000070 0x80030000 0x0 0x0 0x0 0x0 0x0 0x0
VERBOSE: SPM(0): 0xc400006f 0x8001 0x0 0x0 0x0 0x0 0x0 0x0
VERBOSE: SPM(0): 0xc4000070 0x80010000 0x0 0x0 0x0 0x0 0x0 0x0
VERBOSE: SPM(0): 0xc400006f 0x8003 0x0 0x0 0x0 0x0 0x0 0x0
VERBOSE: SPM(0): 0xc4000070 0x80030000 0x0 0x0 0x0 0x0 0x0 0x0
VERBOSE: SPM(0): 0x84000077 0x0 0x0 0x0 0x0 0x0 0x0 0x0
VERBOSE: SPM(0): 0x84000061 0x0 0x0 0x0 0x0 0x0 0x0 0x0
VERBOSE: SPM(0): 0x8400006f 0x8001 0x0 0x8a83c 0x0 0x0 0x0 0x0
VERBOSE: SPM(0): 0x84000070 0x80010000 0x0 0x0 0x0 0x0 0x0 0x0
VERBOSE: SPM(0): 0x8400006f 0x8003 0x0 0x9a83c 0x0 0x0 0x0 0x0
VERBOSE: SPM(0): 0x84000070 0x80030000 0x0 0x0 0x0 0x0 0x0 0x0
VERBOSE: SPM(0): 0x84000067 0x0 0x0 0x0 0x0 0x0 0x0 0x0
VERBOSE: SPM(0): 0x84000061 0x0 0x0 0x0 0x0 0x0 0x0 0x0
VERBOSE: SPM(0): 0x84000069 0x0 0x0 0x0 0x0 0x0 0x0 0x0
VERBOSE: SPM(0): 0x8400006f 0x8001 0x0 0x1083c 0x0 0x0 0x0 0x0
VERBOSE: SPM(0): 0x84000070 0x80010000 0x0 0x0 0x0 0x0 0x0 0x0
VERBOSE: SPM(0): 0xc4000066 0x8811a000 0x8811c000 0x1 0x0 0x0 0x0 0x0
VERBOSE: SPM(0): 0x84000061 0x0 0x0 0x0 0x0 0x0 0x0 0x0
VERBOSE: SPM(0): 0xc4000073 0x80 0x70 0x0 0x0 0x0 0x0 0x0
VERBOSE: SPM(0): 0x84000060 0x0 0xfffffffe 0x0 0x0 0x0 0x0 0x0
VERBOSE: SPM(0): 0xc4000073 0x70 0x70 0x0 0x0 0x0 0x0 0x0
VERBOSE: SPM(0): 0x84000060 0x0 0xfffffffe 0x0 0x0 0x0 0x0 0x0
VERBOSE: SPM(0): 0xc4000073 0x70 0x70 0x0 0x0 0x0 0x0 0x0
VERBOSE: SPM(0): 0x84000060 0x0 0xfffffffe 0x0 0x0 0x0 0x0 0x0
VERBOSE: SPM(0): 0xc4000073 0x70 0x70 0x0 0x0 0x0 0x0 0x0
VERBOSE: SPM(0): 0x84000060 0x0 0xfffffffa 0x0 0x0 0x0 0x0 0x0
VERBOSE: SPM(0): 0x84000069 0x0 0x0 0x0 0x0 0x0 0x0 0x0
VERBOSE: SPM(0): 0x84000069 0x0 0x0 0x0 0x0 0x0 0x0 0x0
VERBOSE: SPM(0): 0x84000069 0x0 0x0 0x0 0x0 0x0 0x0 0x0
VERBOSE: SPM(0): 0x84000069 0x0 0x0 0x0 0x0 0x0 0x0 0x0
VERBOSE: SPM(0): 0x84000069 0x0 0x0 0x0 0x0 0x0 0x0 0x0
VERBOSE: SPM(0): 0xc4000073 0x80 0x80 0x0 0x0 0x0 0x0 0x0
VERBOSE: SPM(0): 0x84000060 0x0 0xfffffffe 0x0 0x0 0x0 0x0 0x0
VERBOSE: SPM(0): 0xc4000073 0x80 0x80 0x0 0x0 0x0 0x0 0x0
VERBOSE: SPM(0): 0x84000060 0x0 0xfffffffe 0x0 0x0 0x0 0x0 0x0
VERBOSE: SPM(0): 0x84000067 0x0 0x0 0x0 0x0 0x0 0x0 0x0
VERBOSE: SPM(0): 0x84000061 0x0 0x0 0x0 0x0 0x0 0x0 0x0
VERBOSE: SPM(0): 0xc4000066 0x8811a000 0x8811c000 0x1 0x0 0x0 0x0 0x0
VERBOSE: SPM(0): 0x84000061 0x0 0x0 0x0 0x0 0x0 0x0 0x0
VERBOSE: SPM(0): 0x84000073 0x80 0x70 0x0 0x0 0x0 0x0 0x0
VERBOSE: SPM(0): 0x84000060 0x0 0xfffffffe 0x0 0x0 0x0 0x0 0x0
VERBOSE: SPM(0): 0x84000073 0x70 0x70 0x0 0x0 0x0 0x0 0x0
VERBOSE: SPM(0): 0x84000060 0x0 0xfffffffe 0x0 0x0 0x0 0x0 0x0
VERBOSE: SPM(0): 0x84000073 0x70 0x70 0x0 0x0 0x0 0x0 0x0
VERBOSE: SPM(0): 0x84000060 0x0 0xfffffffe 0x0 0x0 0x0 0x0 0x0
VERBOSE: SPM(0): 0x84000073 0x70 0x70 0x0 0x0 0x0 0x0 0x0
VERBOSE: SPM(0): 0x84000060 0x0 0xfffffffa 0x0 0x0 0x0 0x0 0x0
VERBOSE: SPM(0): 0x84000069 0x0 0x0 0x0 0x0 0x0 0x0 0x0
VERBOSE: SPM(0): 0x84000069 0x0 0x0 0x0 0x0 0x0 0x0 0x0
VERBOSE: SPM(0): 0x84000069 0x0 0x0 0x0 0x0 0x0 0x0 0x0
VERBOSE: SPM(0): 0x84000069 0x0 0x0 0x0 0x0 0x0 0x0 0x0
VERBOSE: SPM(0): 0x84000069 0x0 0x0 0x0 0x0 0x0 0x0 0x0
VERBOSE: SPM(0): 0x84000073 0x80 0x80 0x0 0x0 0x0 0x0 0x0
VERBOSE: SPM(0): 0x84000060 0x0 0xfffffffe 0x0 0x0 0x0 0x0 0x0
VERBOSE: SPM(0): 0x84000073 0x80 0x80 0x0 0x0 0x0 0x0 0x0
VERBOSE: SPM(0): 0x84000060 0x0 0xfffffffe 0x0 0x0 0x0 0x0 0x0
VERBOSE: SPM(0): 0x84000067 0x0 0x0 0x0 0x0 0x0 0x0 0x0
VERBOSE: SPM(0): 0x84000061 0x0 0x0 0x0 0x0 0x0 0x0 0x0
VERBOSE: SPM(0): 0x84000069 0x0 0x0 0x0 0x0 0x0 0x0 0x0
VERBOSE: SPM(0): 0x8400006f 0x8001 0x0 0x83d 0x0 0x0 0x0 0x0
VERBOSE: SPM(0): 0x84000070 0x80010000 0x0 0x0 0x0 0x0 0x0 0x0
VERBOSE: SPM(0): 0xc4000066 0x8811a000 0x8811c000 0x1 0x0 0x0 0x0 0x0
VERBOSE: SPM(0): 0x84000061 0x0 0x0 0x0 0x0 0x0 0x0 0x0
VERBOSE: SPM(0): 0x8400006f 0x8002 0x0 0x9283e 0xc4000073 0x0 0x0 0x0
VERBOSE: SPM(0): 0x84000070 0x80020000 0x0 0x0 0x0 0x0 0x0 0x0
VERBOSE: SPM(0): 0xc4000073 0x70 0x70 0x0 0x0 0x0 0x0 0x0
VERBOSE: SPM(0): 0x84000061 0x0 0x0 0x0 0x0 0x0 0x0 0x0
VERBOSE: SPM(0): 0xc400006f 0x8002 0x0 0x0 0x0 0x0 0x0 0x0
VERBOSE: SPM(0): 0xc4000070 0x80020000 0x0 0x0 0x0 0x0 0x0 0x0
VERBOSE: SPM(0): 0x84000077 0x0 0x0 0x0 0x0 0x0 0x0 0x0
VERBOSE: SPM(0): 0x84000061 0x0 0x0 0x0 0x0 0x0 0x0 0x0
VERBOSE: SPM(0): 0x84000067 0x0 0x0 0x0 0x0 0x0 0x0 0x0
VERBOSE: SPM(0): 0x84000061 0x0 0x0 0x0 0x0 0x0 0x0 0x0
VERBOSE: SPM(0): 0x8400006f 0x8002 0x0 0x9283e 0x0 0x0 0x0 0x0
VERBOSE: SPM(0): 0x84000070 0x80020000 0x0 0x0 0x0 0x0 0x0 0x0
VERBOSE: SPM(0): 0xc4000066 0x8811a000 0x8811c000 0x1 0x0 0x0 0x0 0x0
VERBOSE: SPM(0): 0x84000061 0x0 0x0 0x0 0x0 0x0 0x0 0x0
VERBOSE: SPM(0): 0x8400006f 0x8002 0x0 0x9283e 0x84000073 0x0 0x0 0x0
VERBOSE: SPM(0): 0x84000070 0x80020000 0x0 0x0 0x0 0x0 0x0 0x0
VERBOSE: SPM(0): 0x84000073 0x70 0x70 0x0 0x0 0x0 0x0 0x0
VERBOSE: SPM(0): 0x84000061 0x0 0x0 0x0 0x0 0x0 0x0 0x0
VERBOSE: SPM(0): 0xc400006f 0x8002 0x0 0x0 0x0 0x0 0x0 0x0
VERBOSE: SPM(0): 0xc4000070 0x80020000 0x0 0x0 0x0 0x0 0x0 0x0
VERBOSE: SPM(0): 0x84000077 0x0 0x0 0x0 0x0 0x0 0x0 0x0
VERBOSE: SPM(0): 0x84000061 0x0 0x0 0x0 0x0 0x0 0x0 0x0
VERBOSE: SPM(0): 0x84000067 0x0 0x0 0x0 0x0 0x0 0x0 0x0
VERBOSE: SPM(0): 0x84000061 0x0 0x0 0x0 0x0 0x0 0x0 0x0
VERBOSE: SPM(0): 0x8400006f 0x8002 0x0 0x9283e 0x0 0x0 0x0 0x0
VERBOSE: SPM(0): 0x84000070 0x80020000 0x0 0x0 0x0 0x0 0x0 0x0
VERBOSE: SPM(0): 0x84000069 0x0 0x0 0x0 0x0 0x0 0x0 0x0
VERBOSE: SPM(0): 0x8400006f 0x8001 0x0 0x1083e 0x0 0x0 0x0 0x0
VERBOSE: SPM(0): 0x84000070 0x80010000 0x0 0x0 0x0 0x0 0x0 0x0
VERBOSE: SPM(0): 0x84000069 0x0 0x0 0x0 0x0 0x0 0x0 0x0
VERBOSE: SPM(0): 0x8400006f 0x8001 0x0 0x1083f 0x0 0x0 0x0 0x0
VERBOSE: SPM(0): 0x84000070 0x80010000 0x0 0x0 0x0 0x0 0x0 0x0
VERBOSE: SPM(0): 0xc4000066 0x8811a000 0x8811c000 0x1 0x0 0x0 0x0 0x0
VERBOSE: SPM(0): 0x84000061 0x0 0x0 0x0 0x0 0x0 0x0 0x0
VERBOSE: SPM(0): 0xc4000072 0x90 0x90 0x0 0x0 0x0 0x0 0x0
VERBOSE: SPM(0): 0x84000061 0x0 0x0 0x0 0x0 0x0 0x0 0x0
VERBOSE: SPM(0): 0x8400006f 0x8002 0x0 0x9283f 0xc4000072 0x80038002 0x0 0x0
VERBOSE: SPM(0): 0x84000070 0x80020000 0x0 0x0 0x0 0x0 0x0 0x0
VERBOSE: SPM(0): 0x8400006f 0x8003 0x0 0x9a83f 0xc4000072 0x80038002 0x0 0x0
VERBOSE: SPM(0): 0x84000070 0x80030000 0x0 0x0 0x0 0x0 0x0 0x0
VERBOSE: SPM(0): 0xc400006f 0x8002 0x0 0x0 0x0 0x0 0x0 0x0
VERBOSE: SPM(0): 0xc4000070 0x80020000 0x0 0x0 0x0 0x0 0x0 0x0
VERBOSE: SPM(0): 0xc400006f 0x8003 0x0 0x0 0x0 0x0 0x0 0x0
VERBOSE: SPM(0): 0xc4000070 0x80030000 0x0 0x0 0x0 0x0 0x0 0x0
VERBOSE: SPM(0): 0xc400006f 0x8002 0x0 0x0 0x0 0x0 0x0 0x0
VERBOSE: SPM(0): 0xc4000070 0x80020000 0x0 0x0 0x0 0x0 0x0 0x0
VERBOSE: SPM(0): 0xc400006f 0x8003 0x0 0x0 0x0 0x0 0x0 0x0
VERBOSE: SPM(0): 0xc4000070 0x80030000 0x0 0x0 0x0 0x0 0x0 0x0
VERBOSE: SPM(0): 0x84000077 0x0 0x0 0x0 0x0 0x0 0x0 0x0
VERBOSE: SPM(0): 0x84000061 0x0 0x0 0x0 0x0 0x0 0x0 0x0
VERBOSE: SPM(0): 0x84000067 0x0 0x0 0x0 0x0 0x0 0x0 0x0
VERBOSE: SPM(0): 0x84000061 0x0 0x0 0x0 0x0 0x0 0x0 0x0
VERBOSE: SPM(0): 0x8400006f 0x8002 0x0 0x9283f 0x0 0x0 0x0 0x0
VERBOSE: SPM(0): 0x84000070 0x80020000 0x0 0x0 0x0 0x0 0x0 0x0
VERBOSE: SPM(0): 0x8400006f 0x8003 0x0 0x9a83f 0x0 0x0 0x0 0x0
VERBOSE: SPM(0): 0x84000070 0x80030000 0x0 0x0 0x0 0x0 0x0 0x0
VERBOSE: SPM(0): 0xc4000066 0x8811a000 0x8811c000 0x1 0x0 0x0 0x0 0x0
VERBOSE: SPM(0): 0x84000061 0x0 0x0 0x0 0x0 0x0 0x0 0x0
VERBOSE: SPM(0): 0x84000072 0x90 0x90 0x0 0x0 0x0 0x0 0x0
VERBOSE: SPM(0): 0x84000061 0x0 0x0 0x0 0x0 0x0 0x0 0x0
VERBOSE: SPM(0): 0x8400006f 0x8002 0x0 0x9283f 0x84000072 0x80038002 0x0 0x0
VERBOSE: SPM(0): 0x84000070 0x80020000 0x0 0x0 0x0 0x0 0x0 0x0
VERBOSE: SPM(0): 0x8400006f 0x8003 0x0 0x9a83f 0x84000072 0x80038002 0x0 0x0
VERBOSE: SPM(0): 0x84000070 0x80030000 0x0 0x0 0x0 0x0 0x0 0x0
VERBOSE: SPM(0): 0xc400006f 0x8002 0x0 0x0 0x0 0x0 0x0 0x0
VERBOSE: SPM(0): 0xc4000070 0x80020000 0x0 0x0 0x0 0x0 0x0 0x0
VERBOSE: SPM(0): 0xc400006f 0x8003 0x0 0x0 0x0 0x0 0x0 0x0
VERBOSE: SPM(0): 0xc4000070 0x80030000 0x0 0x0 0x0 0x0 0x0 0x0
VERBOSE: SPM(0): 0xc400006f 0x8002 0x0 0x0 0x0 0x0 0x0 0x0
VERBOSE: SPM(0): 0xc4000070 0x80020000 0x0 0x0 0x0 0x0 0x0 0x0
VERBOSE: SPM(0): 0xc400006f 0x8003 0x0 0x0 0x0 0x0 0x0 0x0
VERBOSE: SPM(0): 0xc4000070 0x80030000 0x0 0x0 0x0 0x0 0x0 0x0
VERBOSE: SPM(0): 0x84000077 0x0 0x0 0x0 0x0 0x0 0x0 0x0
VERBOSE: SPM(0): 0x84000061 0x0 0x0 0x0 0x0 0x0 0x0 0x0
VERBOSE: SPM(0): 0x84000067 0x0 0x0 0x0 0x0 0x0 0x0 0x0
VERBOSE: SPM(0): 0x84000061 0x0 0x0 0x0 0x0 0x0 0x0 0x0
VERBOSE: SPM(0): 0x8400006f 0x8002 0x0 0x9283f 0x0 0x0 0x0 0x0
VERBOSE: SPM(0): 0x84000070 0x80020000 0x0 0x0 0x0 0x0 0x0 0x0
VERBOSE: SPM(0): 0x8400006f 0x8003 0x0 0x9a83f 0x0 0x0 0x0 0x0
VERBOSE: SPM(0): 0x84000070 0x80030000 0x0 0x0 0x0 0x0 0x0 0x0
VERBOSE: SPM(0): 0xc4000066 0x8811a000 0x8811c000 0x1 0x0 0x0 0x0 0x0
VERBOSE: SPM(0): 0x84000061 0x0 0x0 0x0 0x0 0x0 0x0 0x0
VERBOSE: SPM(0): 0x84000069 0x0 0x0 0x0 0x0 0x0 0x0 0x0
VERBOSE: SPM(0): 0x84000069 0x0 0x0 0x0 0x0 0x0 0x0 0x0
VERBOSE: SPM(0): 0x84000069 0x0 0x0 0x0 0x0 0x0 0x0 0x0
VERBOSE: SPM(0): 0x84000069 0x0 0x0 0x0 0x0 0x0 0x0 0x0
VERBOSE: SPM(0): 0x84000069 0x0 0x0 0x0 0x0 0x0 0x0 0x0
VERBOSE: SPM(0): 0xc4000071 0x70 0x70 0x0 0x0 0x0 0x0 0x0
VERBOSE: SPM(0): 0x84000060 0x0 0xfffffffa 0x0 0x0 0x0 0x0 0x0
VERBOSE: SPM(0): 0xc4000071 0x70 0x70 0x0 0x0 0x0 0x0 0x0
VERBOSE: SPM(0): 0x84000060 0x0 0xfffffffe 0x0 0x0 0x0 0x0 0x0
VERBOSE: SPM(0): 0xc4000071 0x70 0x70 0x0 0x0 0x0 0x0 0x0
VERBOSE: SPM(0): 0x84000060 0x0 0xfffffffe 0x0 0x0 0x0 0x0 0x0
VERBOSE: SPM(0): 0xc4000071 0x70 0x70 0x0 0x0 0x0 0x0 0x0
VERBOSE: SPM(0): 0x84000060 0x0 0xfffffffe 0x0 0x0 0x0 0x0 0x0
VERBOSE: SPM(0): 0xc4000071 0x70 0x70 0x0 0x0 0x0 0x0 0x0
VERBOSE: SPM(0): 0x84000060 0x0 0xfffffffe 0x0 0x0 0x0 0x0 0x0
VERBOSE: SPM(0): 0xc4000071 0x70 0x70 0x0 0x0 0x0 0x0 0x0
VERBOSE: SPM(0): 0x84000060 0x0 0xfffffffe 0x0 0x0 0x0 0x0 0x0
VERBOSE: SPM(0): 0xc4000071 0x70 0x70 0x0 0x0 0x0 0x0 0x0
VERBOSE: SPM(0): 0x84000060 0x0 0xfffffffe 0x0 0x0 0x0 0x0 0x0
VERBOSE: SPM(0): 0xc4000071 0x70 0x70 0x0 0x0 0x0 0x0 0x0
VERBOSE: SPM(0): 0x84000060 0x0 0xfffffffe 0x0 0x0 0x0 0x0 0x0
VERBOSE: SPM(0): 0x84000067 0x0 0x0 0x0 0x0 0x0 0x0 0x0
VERBOSE: SPM(0): 0x84000061 0x0 0x0 0x0 0x0 0x0 0x0 0x0
VERBOSE: SPM(0): 0xc4000066 0x8811a000 0x8811c000 0x1 0x0 0x0 0x0 0x0
VERBOSE: SPM(0): 0x84000061 0x0 0x0 0x0 0x0 0x0 0x0 0x0
VERBOSE: SPM(0): 0x84000069 0x0 0x0 0x0 0x0 0x0 0x0 0x0
VERBOSE: SPM(0): 0x84000069 0x0 0x0 0x0 0x0 0x0 0x0 0x0
VERBOSE: SPM(0): 0x84000069 0x0 0x0 0x0 0x0 0x0 0x0 0x0
VERBOSE: SPM(0): 0x84000069 0x0 0x0 0x0 0x0 0x0 0x0 0x0
VERBOSE: SPM(0): 0x84000069 0x0 0x0 0x0 0x0 0x0 0x0 0x0
VERBOSE: SPM(0): 0x84000071 0x70 0x70 0x0 0x0 0x0 0x0 0x0
VERBOSE: SPM(0): 0x84000060 0x0 0xfffffffa 0x0 0x0 0x0 0x0 0x0
VERBOSE: SPM(0): 0x84000071 0x70 0x70 0x0 0x0 0x0 0x0 0x0
VERBOSE: SPM(0): 0x84000060 0x0 0xfffffffe 0x0 0x0 0x0 0x0 0x0
VERBOSE: SPM(0): 0x84000071 0x70 0x70 0x0 0x0 0x0 0x0 0x0
VERBOSE: SPM(0): 0x84000060 0x0 0xfffffffe 0x0 0x0 0x0 0x0 0x0
VERBOSE: SPM(0): 0x84000071 0x70 0x70 0x0 0x0 0x0 0x0 0x0
VERBOSE: SPM(0): 0x84000060 0x0 0xfffffffe 0x0 0x0 0x0 0x0 0x0
VERBOSE: SPM(0): 0x84000071 0x70 0x70 0x0 0x0 0x0 0x0 0x0
VERBOSE: SPM(0): 0x84000060 0x0 0xfffffffe 0x0 0x0 0x0 0x0 0x0
VERBOSE: SPM(0): 0x84000071 0x70 0x70 0x0 0x0 0x0 0x0 0x0
VERBOSE: SPM(0): 0x84000060 0x0 0xfffffffe 0x0 0x0 0x0 0x0 0x0
VERBOSE: SPM(0): 0x84000071 0x70 0x70 0x0 0x0 0x0 0x0 0x0
VERBOSE: SPM(0): 0x84000060 0x0 0xfffffffe 0x0 0x0 0x0 0x0 0x0
VERBOSE: SPM(0): 0x84000071 0x70 0x70 0x0 0x0 0x0 0x0 0x0
VERBOSE: SPM(0): 0x84000060 0x0 0xfffffffe 0x0 0x0 0x0 0x0 0x0
VERBOSE: SPM(0): 0x84000067 0x0 0x0 0x0 0x0 0x0 0x0 0x0
VERBOSE: SPM(0): 0x84000061 0x0 0x0 0x0 0x0 0x0 0x0 0x0
VERBOSE: SPM(0): 0x84000069 0x0 0x0 0x0 0x0 0x0 0x0 0x0
VERBOSE: SPM(0): 0x8400006f 0x8001 0x0 0x840 0x0 0x0 0x0 0x0
VERBOSE: SPM(0): 0x84000070 0x80010000 0x0 0x0 0x0 0x0 0x0 0x0
VERBOSE: SPM(0): 0xc4000066 0x8811a000 0x8811c000 0x1 0x0 0x0 0x0 0x0
VERBOSE: SPM(0): 0x84000061 0x0 0x0 0x0 0x0 0x0 0x0 0x0
VERBOSE: SPM(0): 0x8400006f 0x8002 0x0 0x92841 0xc4000072 0x0 0x0 0x0
VERBOSE: SPM(0): 0x84000070 0x80020000 0x0 0x0 0x0 0x0 0x0 0x0
VERBOSE: SPM(0): 0xc4000072 0x70 0x70 0x0 0x0 0x0 0x0 0x0
VERBOSE: SPM(0): 0x84000061 0x0 0x0 0x0 0x0 0x0 0x0 0x0
VERBOSE: SPM(0): 0xc400006f 0x8002 0x0 0x0 0x0 0x0 0x0 0x0
VERBOSE: SPM(0): 0xc4000070 0x80020000 0x0 0x0 0x0 0x0 0x0 0x0
VERBOSE: SPM(0): 0x84000077 0x0 0x0 0x0 0x0 0x0 0x0 0x0
VERBOSE: SPM(0): 0x84000061 0x0 0x0 0x0 0x0 0x0 0x0 0x0
VERBOSE: SPM(0): 0x84000067 0x0 0x0 0x0 0x0 0x0 0x0 0x0
VERBOSE: SPM(0): 0x84000061 0x0 0x0 0x0 0x0 0x0 0x0 0x0
VERBOSE: SPM(0): 0x8400006f 0x8002 0x0 0x92841 0x0 0x0 0x0 0x0
VERBOSE: SPM(0): 0x84000070 0x80020000 0x0 0x0 0x0 0x0 0x0 0x0
VERBOSE: SPM(0): 0xc4000066 0x8811a000 0x8811c000 0x1 0x0 0x0 0x0 0x0
VERBOSE: SPM(0): 0x84000061 0x0 0x0 0x0 0x0 0x0 0x0 0x0
VERBOSE: SPM(0): 0x8400006f 0x8002 0x0 0x92841 0x84000072 0x0 0x0 0x0
VERBOSE: SPM(0): 0x84000070 0x80020000 0x0 0x0 0x0 0x0 0x0 0x0
VERBOSE: SPM(0): 0x84000072 0x70 0x70 0x0 0x0 0x0 0x0 0x0
VERBOSE: SPM(0): 0x84000061 0x0 0x0 0x0 0x0 0x0 0x0 0x0
VERBOSE: SPM(0): 0xc400006f 0x8002 0x0 0x0 0x0 0x0 0x0 0x0
VERBOSE: SPM(0): 0xc4000070 0x80020000 0x0 0x0 0x0 0x0 0x0 0x0
VERBOSE: SPM(0): 0x84000077 0x0 0x0 0x0 0x0 0x0 0x0 0x0
VERBOSE: SPM(0): 0x84000061 0x0 0x0 0x0 0x0 0x0 0x0 0x0
VERBOSE: SPM(0): 0x84000067 0x0 0x0 0x0 0x0 0x0 0x0 0x0
VERBOSE: SPM(0): 0x84000061 0x0 0x0 0x0 0x0 0x0 0x0 0x0
VERBOSE: SPM(0): 0x8400006f 0x8002 0x0 0x92841 0x0 0x0 0x0 0x0
VERBOSE: SPM(0): 0x84000070 0x80020000 0x0 0x0 0x0 0x0 0x0 0x0
VERBOSE: SPM(0): 0x84000069 0x0 0x0 0x0 0x0 0x0 0x0 0x0
VERBOSE: SPM(0): 0x8400006f 0x8001 0x0 0x10841 0x0 0x0 0x0 0x0
VERBOSE: SPM(0): 0x84000070 0x80010000 0x0 0x0 0x0 0x0 0x0 0x0
VERBOSE: SPM(0): 0xc4000066 0x8811a000 0x8811c000 0x1 0x0 0x0 0x0 0x0
VERBOSE: SPM(0): 0x84000061 0x0 0x0 0x0 0x0 0x0 0x0 0x0
VERBOSE: SPM(0): 0xc4000071 0x80 0x70 0x0 0x0 0x0 0x0 0x0
VERBOSE: SPM(0): 0x84000060 0x0 0xfffffffe 0x0 0x0 0x0 0x0 0x0
VERBOSE: SPM(0): 0xc4000071 0x70 0x70 0x0 0x0 0x0 0x0 0x0
VERBOSE: SPM(0): 0x84000060 0x0 0xfffffffa 0x0 0x0 0x0 0x0 0x0
VERBOSE: SPM(0): 0x84000069 0x0 0x0 0x0 0x0 0x0 0x0 0x0
VERBOSE: SPM(0): 0x84000069 0x0 0x0 0x0 0x0 0x0 0x0 0x0
VERBOSE: SPM(0): 0x84000069 0x0 0x0 0x0 0x0 0x0 0x0 0x0
VERBOSE: SPM(0): 0x84000069 0x0 0x0 0x0 0x0 0x0 0x0 0x0
VERBOSE: SPM(0): 0x84000069 0x0 0x0 0x0 0x0 0x0 0x0 0x0
VERBOSE: SPM(0): 0x84000067 0x0 0x0 0x0 0x0 0x0 0x0 0x0
VERBOSE: SPM(0): 0x84000061 0x0 0x0 0x0 0x0 0x0 0x0 0x0
VERBOSE: SPM(0): 0xc4000066 0x8811a000 0x8811c000 0x1 0x0 0x0 0x0 0x0
VERBOSE: SPM(0): 0x84000061 0x0 0x0 0x0 0x0 0x0 0x0 0x0
VERBOSE: SPM(0): 0x84000071 0x80 0x70 0x0 0x0 0x0 0x0 0x0
VERBOSE: SPM(0): 0x84000060 0x0 0xfffffffe 0x0 0x0 0x0 0x0 0x0
VERBOSE: SPM(0): 0x84000071 0x70 0x70 0x0 0x0 0x0 0x0 0x0
VERBOSE: SPM(0): 0x84000060 0x0 0xfffffffa 0x0 0x0 0x0 0x0 0x0
VERBOSE: SPM(0): 0x84000069 0x0 0x0 0x0 0x0 0x0 0x0 0x0
VERBOSE: SPM(0): 0x84000069 0x0 0x0 0x0 0x0 0x0 0x0 0x0
VERBOSE: SPM(0): 0x84000069 0x0 0x0 0x0 0x0 0x0 0x0 0x0
VERBOSE: SPM(0): 0x84000069 0x0 0x0 0x0 0x0 0x0 0x0 0x0
VERBOSE: SPM(0): 0x84000069 0x0 0x0 0x0 0x0 0x0 0x0 0x0
VERBOSE: SPM(0): 0x84000067 0x0 0x0 0x0 0x0 0x0 0x0 0x0
VERBOSE: SPM(0): 0x84000061 0x0 0x0 0x0 0x0 0x0 0x0 0x0
VERBOSE: SPM(0): 0x84000069 0x0 0x0 0x0 0x0 0x0 0x0 0x0
VERBOSE: SPM(0): 0x8400006f 0x8001 0x0 0x842 0x0 0x0 0x0 0x0
VERBOSE: SPM(0): 0x84000070 0x80010000 0x0 0x0 0x0 0x0 0x0 0x0
VERBOSE: SPM(0): 0xc4000066 0x8811a000 0x8811c000 0x1 0x0 0x0 0x0 0x0
VERBOSE: SPM(0): 0x84000061 0x0 0x0 0x0 0x0 0x0 0x0 0x0
VERBOSE: SPM(0): 0x8400006f 0x8002 0x0 0x92843 0xc4000072 0x0 0x0 0x0
VERBOSE: SPM(0): 0x84000070 0x80020000 0x0 0x0 0x0 0x0 0x0 0x0
VERBOSE: SPM(0): 0xc4000072 0x70 0x70 0x0 0x0 0x0 0x0 0x0
VERBOSE: SPM(0): 0x84000061 0x0 0x0 0x0 0x0 0x0 0x0 0x0
VERBOSE: SPM(0): 0xc400006f 0x8002 0x0 0x0 0x0 0x0 0x0 0x0
VERBOSE: SPM(0): 0xc4000070 0x80020000 0x0 0x0 0x0 0x0 0x0 0x0
VERBOSE: SPM(0): 0x84000077 0x0 0x0 0x0 0x0 0x0 0x0 0x0
VERBOSE: SPM(0): 0x84000061 0x0 0x0 0x0 0x0 0x0 0x0 0x0
VERBOSE: SPM(0): 0x84000067 0x0 0x0 0x0 0x0 0x0 0x0 0x0
VERBOSE: SPM(0): 0x84000061 0x0 0x0 0x0 0x0 0x0 0x0 0x0
VERBOSE: SPM(0): 0x8400006f 0x8002 0x0 0x92843 0x0 0x0 0x0 0x0
VERBOSE: SPM(0): 0x84000070 0x80020000 0x0 0x0 0x0 0x0 0x0 0x0
VERBOSE: SPM(0): 0xc4000066 0x8811a000 0x8811c000 0x1 0x0 0x0 0x0 0x0
VERBOSE: SPM(0): 0x84000061 0x0 0x0 0x0 0x0 0x0 0x0 0x0
VERBOSE: SPM(0): 0x8400006f 0x8002 0x0 0x92843 0x84000072 0x0 0x0 0x0
VERBOSE: SPM(0): 0x84000070 0x80020000 0x0 0x0 0x0 0x0 0x0 0x0
VERBOSE: SPM(0): 0x84000072 0x70 0x70 0x0 0x0 0x0 0x0 0x0
VERBOSE: SPM(0): 0x84000061 0x0 0x0 0x0 0x0 0x0 0x0 0x0
VERBOSE: SPM(0): 0xc400006f 0x8002 0x0 0x0 0x0 0x0 0x0 0x0
VERBOSE: SPM(0): 0xc4000070 0x80020000 0x0 0x0 0x0 0x0 0x0 0x0
VERBOSE: SPM(0): 0x84000077 0x0 0x0 0x0 0x0 0x0 0x0 0x0
VERBOSE: SPM(0): 0x84000061 0x0 0x0 0x0 0x0 0x0 0x0 0x0
VERBOSE: SPM(0): 0x84000067 0x0 0x0 0x0 0x0 0x0 0x0 0x0
VERBOSE: SPM(0): 0x84000061 0x0 0x0 0x0 0x0 0x0 0x0 0x0
VERBOSE: SPM(0): 0x8400006f 0x8002 0x0 0x92843 0x0 0x0 0x0 0x0
VERBOSE: SPM(0): 0x84000070 0x80020000 0x0 0x0 0x0 0x0 0x0 0x0
VERBOSE: SPM(0): 0x84000069 0x0 0x0 0x0 0x0 0x0 0x0 0x0
VERBOSE: SPM(0): 0x8400006f 0x8001 0x0 0x10843 0x0 0x0 0x0 0x0
VERBOSE: SPM(0): 0x84000070 0x80010000 0x0 0x0 0x0 0x0 0x0 0x0
VERBOSE: SPM(0): 0x84000069 0x0 0x0 0x0 0x0 0x0 0x0 0x0
VERBOSE: SPM(0): 0x8400006f 0x8001 0x0 0x10844 0x0 0x0 0x0 0x0
VERBOSE: SPM(0): 0x84000070 0x80010000 0x0 0x0 0x0 0x0 0x0 0x0
VERBOSE: SPM(0): 0xc4000066 0x8811a000 0x8811c000 0x1 0x0 0x0 0x0 0x0
VERBOSE: SPM(0): 0x84000061 0x0 0x0 0x0 0x0 0x0 0x0 0x0
VERBOSE: SPM(0): 0x8400006f 0x8002 0x0 0x92845 0xc4000072 0x0 0x0 0x0
VERBOSE: SPM(0): 0x84000070 0x80020000 0x0 0x0 0x0 0x0 0x0 0x0
VERBOSE: SPM(0): 0xc4000072 0x70 0x70 0x0 0x0 0x0 0x0 0x0
VERBOSE: SPM(0): 0x84000061 0x0 0x0 0x0 0x0 0x0 0x0 0x0
VERBOSE: SPM(0): 0xc400006f 0x8002 0x0 0x0 0x0 0x0 0x0 0x0
VERBOSE: SPM(0): 0xc4000070 0x80020000 0x0 0x0 0x0 0x0 0x0 0x0
VERBOSE: SPM(0): 0x84000077 0x0 0x0 0x0 0x0 0x0 0x0 0x0
VERBOSE: SPM(0): 0x84000061 0x0 0x0 0x0 0x0 0x0 0x0 0x0
VERBOSE: SPM(0): 0x84000067 0x0 0x0 0x0 0x0 0x0 0x0 0x0
VERBOSE: SPM(0): 0x84000061 0x0 0x0 0x0 0x0 0x0 0x0 0x0
VERBOSE: SPM(0): 0x8400006f 0x8002 0x0 0x92845 0x0 0x0 0x0 0x0
VERBOSE: SPM(0): 0x84000070 0x80020000 0x0 0x0 0x0 0x0 0x0 0x0
VERBOSE: SPM(0): 0xc4000066 0x8811a000 0x8811c000 0x1 0x0 0x0 0x0 0x0
VERBOSE: SPM(0): 0x84000061 0x0 0x0 0x0 0x0 0x0 0x0 0x0
VERBOSE: SPM(0): 0x8400006f 0x8002 0x0 0x92845 0x84000072 0x0 0x0 0x0
VERBOSE: SPM(0): 0x84000070 0x80020000 0x0 0x0 0x0 0x0 0x0 0x0
VERBOSE: SPM(0): 0x84000072 0x70 0x70 0x0 0x0 0x0 0x0 0x0
VERBOSE: SPM(0): 0x84000061 0x0 0x0 0x0 0x0 0x0 0x0 0x0
VERBOSE: SPM(0): 0xc400006f 0x8002 0x0 0x0 0x0 0x0 0x0 0x0
VERBOSE: SPM(0): 0xc4000070 0x80020000 0x0 0x0 0x0 0x0 0x0 0x0
VERBOSE: SPM(0): 0x84000077 0x0 0x0 0x0 0x0 0x0 0x0 0x0
VERBOSE: SPM(0): 0x84000061 0x0 0x0 0x0 0x0 0x0 0x0 0x0
VERBOSE: SPM(0): 0x84000067 0x0 0x0 0x0 0x0 0x0 0x0 0x0
VERBOSE: SPM(0): 0x84000061 0x0 0x0 0x0 0x0 0x0 0x0 0x0
VERBOSE: SPM(0): 0x8400006f 0x8002 0x0 0x92845 0x0 0x0 0x0 0x0
VERBOSE: SPM(0): 0x84000070 0x80020000 0x0 0x0 0x0 0x0 0x0 0x0
VERBOSE: SPM(0): 0x84000069 0x0 0x0 0x0 0x0 0x0 0x0 0x0
VERBOSE: SPM(0): 0x8400006f 0x8001 0x0 0x10845 0x0 0x0 0x0 0x0
VERBOSE: SPM(0): 0x84000070 0x80010000 0x0 0x0 0x0 0x0 0x0 0x0
VERBOSE: SPM(0): 0xc4000066 0x8811a000 0x8811c000 0x1 0x0 0x0 0x0 0x0
VERBOSE: SPM(0): 0x84000061 0x0 0x0 0x0 0x0 0x0 0x0 0x0
VERBOSE: SPM(0): 0xc4000072 0x80 0x70 0x0 0x0 0x0 0x0 0x0
VERBOSE: SPM(0): 0x84000060 0x0 0xfffffffe 0x0 0x0 0x0 0x0 0x0
VERBOSE: SPM(0): 0xc4000072 0x70 0x70 0x0 0x0 0x0 0x0 0x0
VERBOSE: SPM(0): 0x84000060 0x0 0xfffffffe 0x0 0x0 0x0 0x0 0x0
VERBOSE: SPM(0): 0xc4000072 0x70 0x70 0x0 0x0 0x0 0x0 0x0
VERBOSE: SPM(0): 0x84000060 0x0 0xfffffffe 0x0 0x0 0x0 0x0 0x0
VERBOSE: SPM(0): 0xc4000072 0x70 0x70 0x0 0x0 0x0 0x0 0x0
VERBOSE: SPM(0): 0x84000060 0x0 0xfffffffa 0x0 0x0 0x0 0x0 0x0
VERBOSE: SPM(0): 0xc4000072 0x70 0x70 0x0 0x0 0x0 0x0 0x0
VERBOSE: SPM(0): 0x84000060 0x0 0xfffffffe 0x0 0x0 0x0 0x0 0x0
VERBOSE: SPM(0): 0xc4000072 0x70 0x70 0x0 0x0 0x0 0x0 0x0
VERBOSE: SPM(0): 0x84000060 0x0 0xfffffffe 0x0 0x0 0x0 0x0 0x0
VERBOSE: SPM(0): 0x84000069 0x0 0x0 0x0 0x0 0x0 0x0 0x0
VERBOSE: SPM(0): 0x84000069 0x0 0x0 0x0 0x0 0x0 0x0 0x0
VERBOSE: SPM(0): 0x84000069 0x0 0x0 0x0 0x0 0x0 0x0 0x0
VERBOSE: SPM(0): 0x84000069 0x0 0x0 0x0 0x0 0x0 0x0 0x0
VERBOSE: SPM(0): 0x84000069 0x0 0x0 0x0 0x0 0x0 0x0 0x0
VERBOSE: SPM(0): 0x84000067 0x0 0x0 0x0 0x0 0x0 0x0 0x0
VERBOSE: SPM(0): 0x84000061 0x0 0x0 0x0 0x0 0x0 0x0 0x0
VERBOSE: SPM(0): 0xc4000066 0x8811a000 0x8811c000 0x1 0x0 0x0 0x0 0x0
VERBOSE: SPM(0): 0x84000061 0x0 0x0 0x0 0x0 0x0 0x0 0x0
VERBOSE: SPM(0): 0x84000072 0x80 0x70 0x0 0x0 0x0 0x0 0x0
VERBOSE: SPM(0): 0x84000060 0x0 0xfffffffe 0x0 0x0 0x0 0x0 0x0
VERBOSE: SPM(0): 0x84000072 0x70 0x70 0x0 0x0 0x0 0x0 0x0
VERBOSE: SPM(0): 0x84000060 0x0 0xfffffffe 0x0 0x0 0x0 0x0 0x0
VERBOSE: SPM(0): 0x84000072 0x70 0x70 0x0 0x0 0x0 0x0 0x0
VERBOSE: SPM(0): 0x84000060 0x0 0xfffffffe 0x0 0x0 0x0 0x0 0x0
VERBOSE: SPM(0): 0x84000072 0x70 0x70 0x0 0x0 0x0 0x0 0x0
VERBOSE: SPM(0): 0x84000060 0x0 0xfffffffa 0x0 0x0 0x0 0x0 0x0
VERBOSE: SPM(0): 0x84000072 0x70 0x70 0x0 0x0 0x0 0x0 0x0
VERBOSE: SPM(0): 0x84000060 0x0 0xfffffffe 0x0 0x0 0x0 0x0 0x0
VERBOSE: SPM(0): 0x84000072 0x70 0x70 0x0 0x0 0x0 0x0 0x0
VERBOSE: SPM(0): 0x84000060 0x0 0xfffffffe 0x0 0x0 0x0 0x0 0x0
VERBOSE: SPM(0): 0x84000069 0x0 0x0 0x0 0x0 0x0 0x0 0x0
VERBOSE: SPM(0): 0x84000069 0x0 0x0 0x0 0x0 0x0 0x0 0x0
VERBOSE: SPM(0): 0x84000069 0x0 0x0 0x0 0x0 0x0 0x0 0x0
VERBOSE: SPM(0): 0x84000069 0x0 0x0 0x0 0x0 0x0 0x0 0x0
VERBOSE: SPM(0): 0x84000069 0x0 0x0 0x0 0x0 0x0 0x0 0x0
VERBOSE: SPM(0): 0x84000067 0x0 0x0 0x0 0x0 0x0 0x0 0x0
VERBOSE: SPM(0): 0x84000061 0x0 0x0 0x0 0x0 0x0 0x0 0x0
VERBOSE: SPM(0): 0x84000069 0x0 0x0 0x0 0x0 0x0 0x0 0x0
VERBOSE: SPM(0): 0x8400006f 0x8001 0x0 0x846 0x0 0x0 0x0 0x0
VERBOSE: SPM(0): 0x84000070 0x80010000 0x0 0x0 0x0 0x0 0x0 0x0
VERBOSE: SPM(0): 0x84000069 0x0 0x0 0x0 0x0 0x0 0x0 0x0
VERBOSE: SPM(0): 0x8400006f 0x8001 0x0 0x847 0x0 0x0 0x0 0x0
VERBOSE: SPM(0): 0x84000070 0x80010000 0x0 0x0 0x0 0x0 0x0 0x0
VERBOSE: SPM(0): 0x84000069 0x0 0x0 0x0 0x0 0x0 0x0 0x0
VERBOSE: SPM(0): 0x8400006f 0x8001 0x0 0x848 0x0 0x0 0x0 0x0
VERBOSE: SPM(0): 0x84000070 0x80010000 0x0 0x0 0x0 0x0 0x0 0x0
VERBOSE: SPM(0): 0x84000069 0x0 0x0 0x0 0x0 0x0 0x0 0x0
VERBOSE: SPM(0): 0x8400006f 0x8001 0x0 0x10849 0x0 0x0 0x0 0x0
VERBOSE: SPM(0): 0x84000070 0x80010000 0x0 0x0 0x0 0x0 0x0 0x0
VERBOSE: SPM(0): 0x84000069 0x0 0x0 0x0 0x0 0x0 0x0 0x0
VERBOSE: SPM(0): 0x8400006f 0x8001 0x0 0x84a 0x0 0x0 0x0 0x0
VERBOSE: SPM(0): 0x84000070 0x80010000 0x0 0x0 0x0 0x0 0x0 0x0
VERBOSE: SPM(1): 0x8400006b 0x0 0x0 0x0 0x0 0x0 0x0 0x0
VERBOSE: CPU 1 on!
VERBOSE: SPM(1): 0x84000069 0x0 0x0 0x0 0x0 0x0 0x0 0x0
VERBOSE: SPM(1): 0x84000069 0x0 0x0 0x0 0x0 0x0 0x0 0x0
VERBOSE: SPM(1): 0x84000069 0x0 0x0 0x0 0x0 0x0 0x0 0x0
VERBOSE: SPM(1): 0x84000069 0x0 0x0 0x0 0x0 0x0 0x0 0x0
VERBOSE: SPM(1): 0x84000069 0x0 0x0 0x0 0x0 0x0 0x0 0x0
VERBOSE: SPM(1): 0x84000070 0x8000ffff 0x80000002 0x0 0x0 0x0 0x0 0x0
VERBOSE: CPU 1 off!
VERBOSE: SPM(2): 0x8400006b 0x0 0x0 0x0 0x0 0x0 0x0 0x0
VERBOSE: CPU 2 on!
VERBOSE: SPM(2): 0x84000069 0x0 0x0 0x0 0x0 0x0 0x0 0x0
VERBOSE: SPM(2): 0x84000069 0x0 0x0 0x0 0x0 0x0 0x0 0x0
VERBOSE: SPM(2): 0x84000069 0x0 0x0 0x0 0x0 0x0 0x0 0x0
VERBOSE: SPM(2): 0x84000069 0x0 0x0 0x0 0x0 0x0 0x0 0x0
VERBOSE: SPM(2): 0x84000069 0x0 0x0 0x0 0x0 0x0 0x0 0x0
VERBOSE: SPM(2): 0x84000070 0x8000ffff 0x80000002 0x0 0x0 0x0 0x0 0x0
VERBOSE: CPU 2 off!
VERBOSE: SPM(3): 0x8400006b 0x0 0x0 0x0 0x0 0x0 0x0 0x0
VERBOSE: CPU 3 on!
VERBOSE: SPM(3): 0x84000069 0x0 0x0 0x0 0x0 0x0 0x0 0x0
VERBOSE: SPM(3): 0x84000069 0x0 0x0 0x0 0x0 0x0 0x0 0x0
VERBOSE: SPM(3): 0x84000069 0x0 0x0 0x0 0x0 0x0 0x0 0x0
VERBOSE: SPM(3): 0x84000069 0x0 0x0 0x0 0x0 0x0 0x0 0x0
VERBOSE: SPM(3): 0x84000069 0x0 0x0 0x0 0x0 0x0 0x0 0x0
VERBOSE: SPM(3): 0x84000070 0x8000ffff 0x80000002 0x0 0x0 0x0 0x0 0x0
VERBOSE: CPU 3 off!
VERBOSE: SPM(4): 0x8400006b 0x0 0x0 0x0 0x0 0x0 0x0 0x0
VERBOSE: CPU 4 on!
VERBOSE: SPM(4): 0x84000069 0x0 0x0 0x0 0x0 0x0 0x0 0x0
VERBOSE: SPM(4): 0x84000069 0x0 0x0 0x0 0x0 0x0 0x0 0x0
VERBOSE: SPM(4): 0x84000069 0x0 0x0 0x0 0x0 0x0 0x0 0x0
VERBOSE: SPM(4): 0x84000069 0x0 0x0 0x0 0x0 0x0 0x0 0x0
VERBOSE: SPM(4): 0x84000069 0x0 0x0 0x0 0x0 0x0 0x0 0x0
VERBOSE: SPM(4): 0x84000070 0x8000ffff 0x80000002 0x0 0x0 0x0 0x0 0x0
VERBOSE: CPU 4 off!
VERBOSE: SPM(5): 0x8400006b 0x0 0x0 0x0 0x0 0x0 0x0 0x0
VERBOSE: CPU 5 on!
VERBOSE: SPM(5): 0x84000069 0x0 0x0 0x0 0x0 0x0 0x0 0x0
VERBOSE: SPM(5): 0x84000069 0x0 0x0 0x0 0x0 0x0 0x0 0x0
VERBOSE: SPM(5): 0x84000069 0x0 0x0 0x0 0x0 0x0 0x0 0x0
VERBOSE: SPM(5): 0x84000069 0x0 0x0 0x0 0x0 0x0 0x0 0x0
VERBOSE: SPM(5): 0x84000069 0x0 0x0 0x0 0x0 0x0 0x0 0x0
VERBOSE: SPM(5): 0x84000070 0x8000ffff 0x80000002 0x0 0x0 0x0 0x0 0x0
VERBOSE: CPU 5 off!
VERBOSE: SPM(6): 0x8400006b 0x0 0x0 0x0 0x0 0x0 0x0 0x0
VERBOSE: CPU 6 on!
VERBOSE: SPM(6): 0x84000069 0x0 0x0 0x0 0x0 0x0 0x0 0x0
VERBOSE: SPM(6): 0x84000069 0x0 0x0 0x0 0x0 0x0 0x0 0x0
VERBOSE: SPM(6): 0x84000069 0x0 0x0 0x0 0x0 0x0 0x0 0x0
VERBOSE: SPM(6): 0x84000069 0x0 0x0 0x0 0x0 0x0 0x0 0x0
VERBOSE: SPM(6): 0x84000069 0x0 0x0 0x0 0x0 0x0 0x0 0x0
VERBOSE: SPM(6): 0x84000070 0x8000ffff 0x80000002 0x0 0x0 0x0 0x0 0x0
VERBOSE: CPU 6 off!
VERBOSE: SPM(7): 0x8400006b 0x0 0x0 0x0 0x0 0x0 0x0 0x0
VERBOSE: CPU 7 on!
VERBOSE: SPM(7): 0x84000069 0x0 0x0 0x0 0x0 0x0 0x0 0x0
VERBOSE: SPM(7): 0x84000069 0x0 0x0 0x0 0x0 0x0 0x0 0x0
VERBOSE: SPM(7): 0x84000069 0x0 0x0 0x0 0x0 0x0 0x0 0x0
VERBOSE: SPM(7): 0x84000069 0x0 0x0 0x0 0x0 0x0 0x0 0x0
VERBOSE: SPM(7): 0x84000069 0x0 0x0 0x0 0x0 0x0 0x0 0x0
VERBOSE: SPM(7): 0x84000070 0x8000ffff 0x80000002 0x0 0x0 0x0 0x0 0x0
VERBOSE: CPU 7 off!
VERBOSE: SPM(0): 0x8400006f 0x8003 0x0 0x9a84c 0x0 0x0 0x0 0x0
VERBOSE: SPM(0): 0x84000070 0x80030000 0x0 0x0 0x0 0x0 0x0 0x0
VERBOSE: SPM(1): 0x8400006b 0x0 0x0 0x0 0x0 0x0 0x0 0x0
VERBOSE: CPU 1 on!
VERBOSE: SPM(1): 0x84000069 0x0 0x0 0x0 0x0 0x0 0x0 0x0
VERBOSE: SPM(1): 0x84000069 0x0 0x0 0x0 0x0 0x0 0x0 0x0
VERBOSE: SPM(1): 0x84000069 0x0 0x0 0x0 0x0 0x0 0x0 0x0
VERBOSE: SPM(1): 0x84000069 0x0 0x0 0x0 0x0 0x0 0x0 0x0
VERBOSE: SPM(1): 0x84000069 0x0 0x0 0x0 0x0 0x0 0x0 0x0
VERBOSE: SPM(1): 0x8400006f 0x8003 0x0 0x0 0x0 0x0 0x0 0x0
VERBOSE: SPM(1): 0x84000070 0x80030000 0x0 0x0 0x0 0x0 0x0 0x0
VERBOSE: SPM(0): 0x8400006fV 0ERxBOS80E:03  0SPxM(0 1)0x: 0x9a848c 4000x0070 0 0x0x0 80x0000 ff0xff 0
0x80000002 0x0 0x0 0x0 0x0 0x0
VERBOSE: CPU 1 off!
VERBOSE: SPM(0): 0x84000070 0x80030000 0x0 0x0 0x0 0x0 0x0 0x0
VERBOSE: SPM(0): 0x84000064 0x2 0x0 0x0 0x0 0x0 0x0 0x0
VERBOSE: SPM(0): 0x84000061 0x0 0x8 0x0 0x0 0x0 0x0 0x0
VERBOSE: SPM(0): 0x84000069 0x0 0x0 0x0 0x0 0x0 0x0 0x0
VERBOSE: SPM(0): 0x8400006f 0x8001 0x0 0x84d 0x0 0x0 0x0 0x0
VERBOSE: SPM(0): 0x84000070 0x80010000 0x0 0x0 0x0 0x0 0x0 0x0
VERBOSE: SPM(0): 0x84000069 0x0 0x0 0x0 0x0 0x0 0x0 0x0
VERBOSE: SPM(0): 0x8400006f 0x8001 0x0 0x84e 0x0 0x0 0x0 0x0
VERBOSE: SPM(0): 0x84000070 0x80010000 0x0 0x0 0x0 0x0 0x0 0x0
VERBOSE: SPM(0): 0x84000085 0x0 0x0 0x0 0x0 0x0 0x0 0x0
VERBOSE: SPM(0): 0x84000069 0x0 0x0 0x0 0x0 0x0 0x0 0x0
VERBOSE: SPM(0): 0x8400006f 0x8001 0x0 0x84f 0x0 0x0 0x0 0x0
VERBOSE: SPM(0): 0x84000070 0x80010000 0x0 0x0 0x0 0x0 0x0 0x0
VERBOSE: SPM(0): 0x84000064 0x2 0x0 0x0 0x0 0x0 0x0 0x0
VERBOSE: SPM(0): 0x84000061 0x0 0x8 0x0 0x0 0x0 0x0 0x0
VERBOSE: SPM(0): 0xc4000066 0x8811a000 0x8811c000 0x1 0x0 0x0 0x0 0x0
VERBOSE: SPM(0): 0x84000061 0x0 0x0 0x0 0x0 0x0 0x0 0x0
VERBOSE: SPM(0): 0x8400006f 0x8001 0x0 0x8a850 0x0 0x0 0x0 0x0
VERBOSE: SPM(0): 0x84000070 0x80010000 0x0 0x0 0x0 0x0 0x0 0x0
VERBOSE: SPM(0): 0x84000086 0x0 0x0 0x0 0x0 0x0 0x0 0x0
VERBOSE: SPM(0): 0x84000061 0x0 0x0 0x0 0x0 0x0 0x0 0x0
VERBOSE: SPM(0): 0xc4000083 0x0 0x0 0x0 0x0 0x0 0x0 0x0
VERBOSE: SPM(0): 0xc4000061 0x0 0x80 0x8001 0x0 0x0 0x0 0x0
VERBOSE: SPM(0): 0x8400006d 0x80010000 0x0 0x0 0x0 0x0 0x0 0x0
VERBOSE: SPM(0): 0x8400006b 0x0 0x0 0x0 0x0 0x0 0x0 0x0
VERBOSE: SPM(0): 0xc400006f 0x8001 0x0 0x0 0x0 0x0 0x0 0x0
VERBOSE: SPM(0): 0xc4000070 0x80010000 0x0 0x0 0x0 0x0 0x0 0x0
VERBOSE: SPM(0): 0x84000067 0x0 0x0 0x0 0x0 0x0 0x0 0x0
VERBOSE: SPM(0): 0x84000061 0x0 0x0 0x0 0x0 0x0 0x0 0x0
VERBOSE: SPM(0): 0x8400006f 0x8001 0x0 0x8a850 0x0 0x0 0x0 0x0
VERBOSE: SPM(0): 0x84000070 0x80010000 0x0 0x0 0x0 0x0 0x0 0x0
VERBOSE: SPM(0): 0x84000064 0x2 0x0 0x0 0x0 0x0 0x0 0x0
VERBOSE: SPM(0): 0x84000061 0x0 0x8 0x0 0x0 0x0 0x0 0x0
VERBOSE: SPM(0): 0xc4000066 0x8811a000 0x8811c000 0x1 0x0 0x0 0x0 0x0
VERBOSE: SPM(0): 0x84000061 0x0 0x0 0x0 0x0 0x0 0x0 0x0
VERBOSE: SPM(0): 0x8400006f 0x8001 0x0 0x8a851 0x0 0x0 0x0 0x0
VERBOSE: SPM(0): 0x84000070 0x80010000 0x0 0x0 0x0 0x0 0x0 0x0
VERBOSE: SPM(0): 0x84000086 0x0 0x0 0x0 0x0 0x0 0x0 0x0
VERBOSE: SPM(0): 0x84000060 0x0 0xfffffffe 0x0 0x0 0x0 0x0 0x0
VERBOSE: SPM(0): 0x84000086 0x0 0x0 0x0 0x0 0x0 0x0 0x0
VERBOSE: SPM(0): 0x84000060 0x0 0xfffffffe 0x0 0x0 0x0 0x0 0x0
VERBOSE: SPM(0): 0x84000086 0x0 0x0 0x0 0x0 0x0 0x0 0x0
VERBOSE: SPM(0): 0x84000060 0x0 0xfffffffa 0x0 0x0 0x0 0x0 0x0
VERBOSE: SPM(0): 0x84000086 0x0 0x0 0x0 0x0 0x0 0x0 0x0
VERBOSE: SPM(0): 0x84000061 0x0 0x0 0x0 0x0 0x0 0x0 0x0
VERBOSE: SPM(0): 0x84000086 0x0 0x0 0x0 0x0 0x0 0x0 0x0
VERBOSE: SPM(0): 0x84000060 0x0 0xfffffffc 0x0 0x0 0x0 0x0 0x0
VERBOSE: SPM(0): 0xc4000083 0x0 0x0 0x0 0x0 0x0 0x0 0x0
VERBOSE: SPM(0): 0xc4000061 0x0 0x80 0x8001 0x0 0x0 0x0 0x0
VERBOSE: SPM(0): 0x8400006d 0x80010000 0x0 0x0 0x0 0x0 0x0 0x0
VERBOSE: SPM(0): 0x8400006b 0x0 0x0 0x0 0x0 0x0 0x0 0x0
VERBOSE: SPM(0): 0xc400006f 0x8001 0x0 0x0 0x0 0x0 0x0 0x0
VERBOSE: SPM(0): 0xc4000070 0x80010000 0x0 0x0 0x0 0x0 0x0 0x0
VERBOSE: SPM(0): 0x84000067 0x0 0x0 0x0 0x0 0x0 0x0 0x0
VERBOSE: SPM(0): 0x84000061 0x0 0x0 0x0 0x0 0x0 0x0 0x0
VERBOSE: SPM(0): 0x8400006f 0x8001 0x0 0x8a851 0x0 0x0 0x0 0x0
VERBOSE: SPM(0): 0x84000070 0x80010000 0x0 0x0 0x0 0x0 0x0 0x0
VERBOSE: SPM(0): 0x84000064 0x2 0x0 0x0 0x0 0x0 0x0 0x0
VERBOSE: SPM(0): 0x84000061 0x0 0x8 0x0 0x0 0x0 0x0 0x0
VERBOSE: SPM(0): 0x8400006f 0x8002 0x0 0x92852 0x0 0x0 0x0 0x0
VERBOSE: SPM(0): 0x84000070 0x80020000 0x0 0x0 0x0 0x0 0x0 0x0
VERBOSE: SPM(0): 0x8400006f 0x8001 0x0 0x40088052 0x0 0x0 0x0 0x0
VERBOSE: SPM(0): 0x84000070 0x80010000 0x0 0x0 0x0 0x0 0x0 0x0
VERBOSE: SPM(0): 0xc400006f 0x8002 0x0 0x0 0x0 0x0 0x0 0x0
VERBOSE: SPM(0): 0xc4000070 0x80020000 0x0 0x0 0x0 0x0 0x0 0x0
VERBOSE: SPM(0): 0xc4000083 0x0 0x0 0x0 0x0 0x0 0x0 0x0
VERBOSE: SPM(0): 0xc4000061 0x0 0x80 0x8001 0x0 0x0 0x0 0x0
VERBOSE: SPM(0): 0x8400006d 0x80010000 0x0 0x0 0x0 0x0 0x0 0x0
VERBOSE: SPM(0): 0x8400006b 0x0 0x0 0x0 0x0 0x0 0x0 0x0
VERBOSE: SPM(0): 0xc400006f 0x8002 0x0 0x0 0x0 0x0 0x0 0x0
VERBOSE: SPM(0): 0xc4000070 0x80020000 0x0 0x0 0x0 0x0 0x0 0x0
VERBOSE: SPM(0): 0xc400006f 0x8001 0x0 0x0 0x0 0x0 0x0 0x0
VERBOSE: SPM(0): 0xc4000070 0x80010000 0x0 0x0 0x0 0x0 0x0 0x0
VERBOSE: SPM(0): 0x8400006f 0x8002 0x0 0x92852 0x0 0x0 0x0 0x0
VERBOSE: SPM(0): 0x84000070 0x80020000 0x0 0x0 0x0 0x0 0x0 0x0
VERBOSE: SPM(0): 0x8400006f 0x8001 0x0 0x40088052 0x0 0x0 0x0 0x0
VERBOSE: SPM(0): 0x84000070 0x80010000 0x0 0x0 0x0 0x0 0x0 0x0
VERBOSE: SPM(0): 0xc4000066 0x8811a000 0x8811c000 0x1 0x0 0x0 0x0 0x0
VERBOSE: SPM(0): 0x84000061 0x0 0x0 0x0 0x0 0x0 0x0 0x0
VERBOSE: SPM(0): 0x8400006f 0x8002 0x0 0x92853 0x0 0x0 0x0 0x0
VERBOSE: SPM(0): 0x84000070 0x80020000 0x0 0x0 0x0 0x0 0x0 0x0
VERBOSE: SPM(0): 0x84000073 0x70 0x70 0x0 0x0 0x0 0x0 0x0
VERBOSE: SPM(0): 0x84000061 0x0 0x0 0x0 0x0 0x0 0x0 0x0
VERBOSE: SPM(0): 0xc400006f 0x8002 0x0 0x0 0x0 0x0 0x0 0x0
VERBOSE: SPM(0): 0xc4000070 0x80020000 0x0 0x0 0x0 0x0 0x0 0x0
VERBOSE: SPM(0): 0xc400006f 0x8002 0x0 0x0 0x0 0x0 0x0 0x0
VERBOSE: SPM(0): 0xc4000070 0x80020000 0x0 0x0 0x0 0x0 0x0 0x0
VERBOSE: SPM(0): 0x84000077 0x0 0x0 0x0 0x0 0x0 0x0 0x0
VERBOSE: SPM(0): 0x84000061 0x0 0x0 0x0 0x0 0x0 0x0 0x0
VERBOSE: SPM(0): 0x84000067 0x0 0x0 0x0 0x0 0x0 0x0 0x0
VERBOSE: SPM(0): 0x84000061 0x0 0x0 0x0 0x0 0x0 0x0 0x0
VERBOSE: SPM(0): 0x8400006f 0x8002 0x0 0x92853 0x0 0x0 0x0 0x0
VERBOSE: SPM(0): 0x84000070 0x80020000 0x0 0x0 0x0 0x0 0x0 0x0
VERBOSE: SPM(0): 0x84000069 0x0 0x0 0x0 0x0 0x0 0x0 0x0
VERBOSE: SPM(0): 0x8400006f 0x8001 0x0 0x10853 0x0 0x0 0x0 0x0
VERBOSE: SPM(0): 0x84000070 0x80010000 0x0 0x0 0x0 0x0 0x0 0x0
VERBOSE: SPM(0): 0xc4000066 0x8811a000 0x8811c000 0x1 0x0 0x0 0x0 0x0
VERBOSE: SPM(0): 0x84000061 0x0 0x0 0x0 0x0 0x0 0x0 0x0
VERBOSE: SPM(0): 0x84000073 0x70 0x70 0x0 0x0 0x0 0x0 0x0
VERBOSE: SPM(0): 0x84000060 0x0 0xfffffffe 0x0 0x0 0x0 0x0 0x0
VERBOSE: SPM(0): 0x84000067 0x0 0x0 0x0 0x0 0x0 0x0 0x0
VERBOSE: SPM(0): 0x84000061 0x0 0x0 0x0 0x0 0x0 0x0 0x0
VERBOSE: SPM(0): 0xc4000066 0x8811a000 0x8811c000 0x1 0x0 0x0 0x0 0x0
VERBOSE: SPM(0): 0x84000061 0x0 0x0 0x0 0x0 0x0 0x0 0x0
VERBOSE: SPM(0): 0x84000072 0x70 0x70 0x0 0x0 0x0 0x0 0x0
VERBOSE: SPM(0): 0x84000060 0x0 0xfffffffe 0x0 0x0 0x0 0x0 0x0
VERBOSE: SPM(0): 0x84000067 0x0 0x0 0x0 0x0 0x0 0x0 0x0
VERBOSE: SPM(0): 0x84000061 0x0 0x0 0x0 0x0 0x0 0x0 0x0
VERBOSE: SPM(0): 0xc4000066 0x8811a000 0x8811c000 0x1 0x0 0x0 0x0 0x0
VERBOSE: SPM(0): 0x84000061 0x0 0x0 0x0 0x0 0x0 0x0 0x0
VERBOSE: SPM(0): 0x84000071 0x70 0x70 0x0 0x0 0x0 0x0 0x0
VERBOSE: SPM(0): 0x84000060 0x0 0xfffffffe 0x0 0x0 0x0 0x0 0x0
VERBOSE: SPM(0): 0x84000067 0x0 0x0 0x0 0x0 0x0 0x0 0x0
VERBOSE: SPM(0): 0x84000061 0x0 0x0 0x0 0x0 0x0 0x0 0x0
VERBOSE: SPM(0): 0x84000069 0x0 0x0 0x0 0x0 0x0 0x0 0x0
VERBOSE: SPM(0): 0x84000069 0x0 0x0 0x0 0x0 0x0 0x0 0x0
VERBOSE: SPM(0): 0x84000069 0x0 0x0 0x0 0x0 0x0 0x0 0x0
VERBOSE: SPM(0): 0x84000069 0x0 0x0 0x0 0x0 0x0 0x0 0x0
VERBOSE: SPM(0): 0x84000069 0x0 0x0 0x0 0x0 0x0 0x0 0x0
VERBOSE: SPM(0): 0x84000089 0x8811a000 0x1 0x7 0x0 0x0 0x0 0x0
WARNING: SPM: Unsupported call 0x84000089
VERBOSE: SPM(0): 0x84000069 0x0 0x0 0x0 0x0 0x0 0x0 0x0
VERBOSE: SPM(0): 0x8400006f 0x8001 0x0 0x857 0x0 0x0 0x0 0x0
VERBOSE: SPM(0): 0x84000070 0x80010000 0x0 0x0 0x0 0x0 0x0 0x0
VERBOSE: SPM(0): 0x84000069 0x0 0x0 0x0 0x0 0x0 0x0 0x0
VERBOSE: SPM(0): 0x84000069 0x0 0x0 0x0 0x0 0x0 0x0 0x0
VERBOSE: SPM(0): 0x84000069 0x0 0x0 0x0 0x0 0x0 0x0 0x0
VERBOSE: SPM(0): 0x84000069 0x0 0x0 0x0 0x0 0x0 0x0 0x0
VERBOSE: SPM(0): 0x84000069 0x0 0x0 0x0 0x0 0x0 0x0 0x0
VERBOSE: SPM(0): 0x84000088 0x8811a000 0x0 0x0 0x0 0x0 0x0 0x0
WARNING: SPM: Unsupported call 0x84000088
VERBOSE: SPM(0): 0x84000069 0x0 0x0 0x0 0x0 0x0 0x0 0x0
VERBOSE: SPM(0): 0x8400006f 0x8001 0x0 0x858 0x0 0x0 0x0 0x0
VERBOSE: SPM(0): 0x84000070 0x80010000 0x0 0x0 0x0 0x0 0x0 0x0
VERBOSE: SPM(0): 0x8400007d 0xffff 0x1 0x0 0x0 0x0 0x0 0x0
VERBOSE: SPM(0): 0x84000060 0x0 0xfffffffe 0x0 0x0 0x0 0x0 0x0
VERBOSE: SPM(0): 0x84000069 0x0 0x0 0x0 0x0 0x0 0x0 0x0
VERBOSE: SPM(0): 0x8400006f 0x8001 0x0 0x859 0x0 0x0 0x0 0x0
VERBOSE: SPM(0): 0x84000070 0x80010000 0x0 0x0 0x0 0x0 0x0 0x0
VERBOSE: SPM(0): 0x8400007e 0xffff 0x0 0x0 0x0 0x0 0x0 0x0
VERBOSE: SPM(0): 0x84000060 0x0 0xfffffffe 0x0 0x0 0x0 0x0 0x0
VERBOSE: SPM(0): 0x8400007e 0x0 0x0 0x0 0x0 0x0 0x0 0x0
VERBOSE: SPM(0): 0x84000060 0x0 0xfffffffa 0x0 0x0 0x0 0x0 0x0
VERBOSE: SPM(0): 0x84000069 0x0 0x0 0x0 0x0 0x0 0x0 0x0
VERBOSE: SPM(0): 0x8400006f 0x8001 0x0 0x85a 0x0 0x0 0x0 0x0
VERBOSE: SPM(0): 0x84000070 0x80010000 0x0 0x0 0x0 0x0 0x0 0x0
VERBOSE: SPM(0): 0x8400007f 0xffff0000 0x0 0x0 0x0 0x0 0x0 0x0
VERBOSE: SPM(0): 0x84000060 0x0 0xfffffffe 0x0 0x0 0x0 0x0 0x0
VERBOSE: SPM(0): 0x8400007f 0x8003ffff 0x0 0x0 0x0 0x0 0x0 0x0
VERBOSE: SPM(0): 0x84000060 0x0 0xfffffffe 0x0 0x0 0x0 0x0 0x0
VERBOSE: SPM(0): 0x8400007f 0x80030000 0x10 0x0 0x0 0x0 0x0 0x0
VERBOSE: SPM(0): 0x84000060 0x0 0xfffffffe 0x0 0x0 0x0 0x0 0x0
VERBOSE: SPM(0): 0x84000069 0x0 0x0 0x0 0x0 0x0 0x0 0x0
VERBOSE: SPM(0): 0x8400006f 0x8001 0x0 0x85b 0x0 0x0 0x0 0x0
VERBOSE: SPM(0): 0x84000070 0x80010000 0x0 0x0 0x0 0x0 0x0 0x0
VERBOSE: SPM(0): 0x84000080 0xffff0000 0x0 0x0 0x0 0x0 0x0 0x0
VERBOSE: SPM(0): 0x84000060 0x0 0xfffffffe 0x0 0x0 0x0 0x0 0x0
VERBOSE: SPM(0): 0x84000080 0x8003ffff 0x0 0x0 0x0 0x0 0x0 0x0
VERBOSE: SPM(0): 0x84000060 0x0 0xfffffffe 0x0 0x0 0x0 0x0 0x0
VERBOSE: SPM(0): 0x84000080 0x80030000 0x10 0x0 0x0 0x0 0x0 0x0
VERBOSE: SPM(0): 0x84000060 0x0 0xfffffffe 0x0 0x0 0x0 0x0 0x0
VERBOSE: SPM(0): 0x84000080 0x80030000 0x0 0x0 0x0 0x0 0x0 0x0
VERBOSE: SPM(0): 0x84000060 0x0 0xfffffffe 0x0 0x0 0x0 0x0 0x0
VERBOSE: SPM(0): 0x84000069 0x0 0x0 0x0 0x0 0x0 0x0 0x0
VERBOSE: SPM(0): 0x8400006f 0x8001 0x0 0x85c 0x0 0x0 0x0 0x0
VERBOSE: SPM(0): 0x84000070 0x80010000 0x0 0x0 0x0 0x0 0x0 0x0
VERBOSE: SPM(0): 0x84000082 0xffff 0x2 0x0 0x0 0x0 0x0 0x0
VERBOSE: SPM(0): 0x84000060 0x0 0xfffffffe 0x0 0x0 0x0 0x0 0x0
VERBOSE: SPM(0): 0x84000069 0x0 0x0 0x0 0x0 0x0 0x0 0x0
VERBOSE: SPM(0): 0x8400006f 0x8001 0x0 0x85d 0x0 0x0 0x0 0x0
VERBOSE: SPM(0): 0x84000070 0x80010000 0x0 0x0 0x0 0x0 0x0 0x0
VERBOSE: SPM(0): 0x8400007d 0x0 0x1 0x0 0x0 0x0 0x0 0x0
VERBOSE: SPM(0): 0x84000061 0x0 0x0 0x0 0x0 0x0 0x0 0x0
VERBOSE: SPM(0): 0x8400006f 0x8002 0x0 0x9285e 0x0 0x0 0x0 0x0
VERBOSE: SPM(0): 0x84000070 0x80020000 0x0 0x0 0x0 0x0 0x0 0x0
VERBOSE: SPM(0): 0xc400006f 0x8002 0x0 0x1000 0x2000 0x0 0x0 0x0
VERBOSE: SPM(0): 0xc4000070 0x80020000 0x0 0x0 0x0 0x0 0x0 0x0
VERBOSE: SPM(0): 0x84000081 0xffff 0x0 0x1000 0x0 0x0 0x0 0x0
VERBOSE: SPM(0): 0x84000060 0x0 0xfffffffe 0x0 0x0 0x0 0x0 0x0
VERBOSE: SPM(0): 0x84000081 0xffff8002 0x0 0x1000 0x0 0x0 0x0 0x0
VERBOSE: SPM(0): 0x84000060 0x0 0xfffffffe 0x0 0x0 0x0 0x0 0x0
VERBOSE: SPM(0): 0x84000081 0x8002 0x0 0x10000 0x0 0x0 0x0 0x0
VERBOSE: SPM(0): 0x84000060 0x0 0xfffffffa 0x0 0x0 0x0 0x0 0x0
VERBOSE: SPM(0): 0x8400007e 0x0 0x0 0x0 0x0 0x0 0x0 0x0
VERBOSE: SPM(0): 0x84000061 0x0 0x0 0x0 0x0 0x0 0x0 0x0
VERBOSE: SPM(0): 0x8400006f 0x8002 0x0 0x9285e 0x0 0x0 0x0 0x0
VERBOSE: SPM(0): 0x84000070 0x80020000 0x0 0x0 0x0 0x0 0x0 0x0
VERBOSE: SPM(0): 0x84000069 0x0 0x0 0x0 0x0 0x0 0x0 0x0
VERBOSE: SPM(0): 0x8400006f 0x8001 0x0 0x85f 0x0 0x0 0x0 0x0
VERBOSE: SPM(0): 0x84000070 0x80010000 0x0 0x67 0x0 0x0 0x0 0x0
VERBOSE: SPM(0): 0x84000069 0x0 0x0 0x0 0x0 0x0 0x0 0x0
VERBOSE: SPM(0): 0x84000069 0x0 0x0 0x0 0x0 0x0 0x0 0x0
VERBOSE: SPM(0): 0x84000069 0x0 0x0 0x0 0x0 0x0 0x0 0x0
VERBOSE: SPM(0): 0x84000069 0x0 0x0 0x0 0x0 0x0 0x0 0x0
VERBOSE: SPM(0): 0x84000069 0x0 0x0 0x0 0x0 0x0 0x0 0x0
VERBOSE: SPM(0): 0x84000082 0x0 0x5 0x0 0x0 0x0 0x0 0x0
VERBOSE: SPM(0): 0x84000061 0x0 0x0 0x0 0x0 0x0 0x0 0x0
VERBOSE: SPM(0): 0xc4000083 0x0 0x0 0x0 0x0 0x0 0x0 0x0
VERBOSE: SPM(0): 0x84000060 0x0 0xfffffff7 0x0 0x0 0x0 0x0 0x0
VERBOSE: SPM(0): 0x84000069 0x0 0x0 0x0 0x0 0x0 0x0 0x0
VERBOSE: SPM(0): 0x84000069 0x0 0x0 0x0 0x0 0x0 0x0 0x0
VERBOSE: SPM(0): 0x84000069 0x0 0x0 0x0 0x0 0x0 0x0 0x0
VERBOSE: SPM(0): 0x84000069 0x0 0x0 0x0 0x0 0x0 0x0 0x0
VERBOSE: SPM(0): 0x84000069 0x0 0x0 0x0 0x0 0x0 0x0 0x0
VERBOSE: SPM(0): 0x84000064 0x8400007d 0x0 0x0 0x0 0x0 0x0 0x0
VERBOSE: SPM(0): 0x84000061 0x0 0x0 0x0 0x0 0x0 0x0 0x0
VERBOSE: SPM(0): 0x84000064 0x8400007e 0x0 0x0 0x0 0x0 0x0 0x0
VERBOSE: SPM(0): 0x84000061 0x0 0x0 0x0 0x0 0x0 0x0 0x0
VERBOSE: SPM(0): 0x84000064 0x84000083 0x0 0x0 0x0 0x0 0x0 0x0
VERBOSE: SPM(0): 0x84000060 0x0 0xffffffff 0x0 0x0 0x0 0x0 0x0
VERBOSE: SPM(0): 0x84000064 0xc4000083 0x0 0x0 0x0 0x0 0x0 0x0
VERBOSE: SPM(0): 0x84000061 0x0 0x0 0x0 0x0 0x0 0x0 0x0
VERBOSE: SPM(0): 0x84000064 0x8400007f 0x0 0x0 0x0 0x0 0x0 0x0
VERBOSE: SPM(0): 0x84000061 0x0 0x0 0x0 0x0 0x0 0x0 0x0
VERBOSE: SPM(0): 0x84000064 0x84000080 0x0 0x0 0x0 0x0 0x0 0x0
VERBOSE: SPM(0): 0x84000061 0x0 0x0 0x0 0x0 0x0 0x0 0x0
VERBOSE: SPM(0): 0x84000064 0x84000081 0x0 0x0 0x0 0x0 0x0 0x0
VERBOSE: SPM(0): 0x84000061 0x0 0x0 0x0 0x0 0x0 0x0 0x0
VERBOSE: SPM(0): 0x84000064 0x84000082 0x0 0x0 0x0 0x0 0x0 0x0
VERBOSE: SPM(0): 0x84000061 0x0 0x0 0x0 0x0 0x0 0x0 0x0
VERBOSE: SPM(0): 0x84000069 0x0 0x0 0x0 0x0 0x0 0x0 0x0
VERBOSE: SPM(0): 0x8400006f 0x8001 0x0 0x860 0x0 0x0 0x0 0x0
VERBOSE: SPM(0): 0x84000070 0x80010000 0x0 0x0 0x0 0x0 0x0 0x0
VERBOSE: SPM(0): 0x84000064 0x2 0x0 0x0 0x0 0x0 0x0 0x0
VERBOSE: SPM(0): 0x84000061 0x0 0x8 0x0 0x0 0x0 0x0 0x0
VERBOSE: SPM(0): 0x8400007d 0x0 0x1 0x0 0x0 0x0 0x0 0x0
VERBOSE: SPM(0): 0x84000061 0x0 0x0 0x0 0x0 0x0 0x0 0x0
VERBOSE: SPM(0): 0x8400006f 0x8002 0x0 0x92861 0x0 0x0 0x0 0x0
VERBOSE: SPM(0): 0x84000070 0x80020000 0x0 0x0 0x0 0x0 0x0 0x0
VERBOSE: SPM(0): 0xc400006f 0x8002 0x0 0x1000 0x0 0x0 0x0 0x0
VERBOSE: SPM(0): 0xc4000070 0x80020000 0x0 0x0 0x0 0x0 0x0 0x0
VERBOSE: SPM(0): 0x84000081 0x8002 0x0 0x1000 0x0 0x0 0x0 0x0
VERBOSE: SPM(0): 0x84000061 0x0 0x0 0x0 0x0 0x0 0x0 0x0
VERBOSE: SPM(0): 0xc4000083 0x0 0x0 0x0 0x0 0x0 0x0 0x0
VERBOSE: SPM(0): 0xc4000061 0x0 0x80 0x8002 0x0 0x0 0x0 0x0
VERBOSE: SPM(0): 0xc400006f 0x8002 0x0 0x0 0x0 0x0 0x0 0x0
VERBOSE: SPM(0): 0xc4000070 0x80020000 0x0 0x0 0x0 0x0 0x0 0x0
VERBOSE: SPM(0): 0x8400007e 0x0 0x0 0x0 0x0 0x0 0x0 0x0
VERBOSE: SPM(0): 0x84000061 0x0 0x0 0x0 0x0 0x0 0x0 0x0
VERBOSE: SPM(0): 0x8400006f 0x8002 0x0 0x92861 0x0 0x0 0x0 0x0
VERBOSE: SPM(0): 0x84000070 0x80020000 0x0 0x0 0x0 0x0 0x0 0x0
VERBOSE: SPM(0): 0xc4000066 0x8811a000 0x8811c000 0x1 0x0 0x0 0x0 0x0
VERBOSE: SPM(0): 0x84000061 0x0 0x0 0x0 0x0 0x0 0x0 0x0
VERBOSE: SPM(0): 0x8400006f 0x8001 0x0 0x8a863 0x0 0x0 0x0 0x0
VERBOSE: SPM(0): 0x84000070 0x80010000 0x0 0x0 0x0 0x0 0x0 0x0
VERBOSE: SPM(0): 0x84000073 0x70 0x70 0x0 0x0 0x0 0x0 0x0
VERBOSE: SPM(0): 0x84000061 0x0 0x0 0x0 0x0 0x0 0x0 0x0
VERBOSE: SPM(0): 0xc400006f 0x8001 0x0 0x0 0x0 0x0 0x0 0x0
VERBOSE: SPM(0): 0xc4000070 0x80010000 0x0 0x0 0x0 0x0 0x0 0x0
VERBOSE: SPM(0): 0xc400006f 0x8001 0x0 0x0 0x0 0x0 0x0 0x0
VERBOSE: SPM(0): 0x84000062 0x80010000 0x0 0x0 0x0 0x0 0x0 0x0
VERBOSE: SPM(0): 0x8400006d 0x80010000 0x0 0x0 0x0 0x0 0x0 0x0
VERBOSE: SPM(0): 0xc4000070 0x80010000 0x0 0x0 0x0 0x0 0x0 0x0
VERBOSE: SPM(0): 0x84000077 0x0 0x0 0x0 0x0 0x0 0x0 0x0
VERBOSE: SPM(0): 0x84000061 0x0 0x0 0x0 0x0 0x0 0x0 0x0
VERBOSE: SPM(0): 0x84000067 0x0 0x0 0x0 0x0 0x0 0x0 0x0
VERBOSE: SPM(0): 0x84000061 0x0 0x0 0x0 0x0 0x0 0x0 0x0
VERBOSE: SPM(0): 0x8400006f 0x8001 0x0 0x8a863 0x0 0x0 0x0 0x0
VERBOSE: SPM(0): 0x84000070 0x80010000 0x0 0x0 0x0 0x0 0x0 0x0
VERBOSE: SPM(0): 0xc4000066 0x8811a000 0x8811c000 0x1 0x0 0x0 0x0 0x0
VERBOSE: SPM(0): 0x84000061 0x0 0x0 0x0 0x0 0x0 0x0 0x0
VERBOSE: SPM(0): 0x8400006f 0x8003 0x0 0x9a864 0x0 0x0 0x0 0x0
VERBOSE: SPM(0): 0x84000070 0x80030000 0x0 0x0 0x0 0x0 0x0 0x0
VERBOSE: SPM(0): 0x84000073 0x70 0x70 0x0 0x0 0x0 0x0 0x0
VERBOSE: SPM(0): 0x84000061 0x0 0x0 0x0 0x0 0x0 0x0 0x0
VERBOSE: SPM(0): 0xc400006f 0x8003 0x0 0x0 0x0 0x0 0x0 0x0
VERBOSE: SPM(0): 0xc4000070 0x80030000 0x0 0x0 0x0 0x0 0x0 0x0
VERBOSE: SPM(0): 0xc400006f 0x8003 0x0 0x0 0x0 0x0 0x0 0x0
VERBOSE: SPM(0): 0xc4000070 0x80030000 0x0 0x0 0x0 0x0 0x0 0x0
VERBOSE: SPM(0): 0x84000077 0x0 0x0 0x0 0x0 0x0 0x0 0x0
VERBOSE: SPM(0): 0x84000061 0x0 0x0 0x0 0x0 0x0 0x0 0x0
VERBOSE: SPM(0): 0x84000067 0x0 0x0 0x0 0x0 0x0 0x0 0x0
VERBOSE: SPM(0): 0x84000061 0x0 0x0 0x0 0x0 0x0 0x0 0x0
VERBOSE: SPM(0): 0x8400006f 0x8003 0x0 0x9a864 0x0 0x0 0x0 0x0
VERBOSE: SPM(0): 0x84000070 0x80030000 0x0 0x0 0x0 0x0 0x0 0x0
VERBOSE: SPM(0): 0x8400006f 0x8001 0x0 0x8a865 0x0 0x0 0x0 0x0
VERBOSE: SPM(0): 0x84000070 0x80010000 0x0 0x0 0x0 0x0 0x0 0x0
VERBOSE: SPM(0): 0xc400006f 0x8001 0x0 0x0 0x0 0x0 0x0 0x0
VERBOSE: SPM(0): 0xc4000070 0x80010000 0x0 0x0 0x0 0x0 0x0 0x0
VERBOSE: SPM(0): 0x8400006f 0x8001 0x0 0x8a865 0x0 0x0 0x0 0x0
VERBOSE: SPM(0): 0x84000070 0x80010000 0x0 0x0 0x0 0x0 0x0 0x0
VERBOSE: SPM(0): 0x8400006f 0x8001 0x0 0x8a866 0x0 0x0 0x0 0x0
VERBOSE: SPM(0): 0x84000070 0x80010000 0x0 0x0 0x0 0x0 0x0 0x0
VERBOSE: SPM(0): 0xc400006f 0x8001 0x0 0x0 0x0 0x0 0x0 0x0
VERBOSE: SPM(0): 0xc4000070 0x80010000 0x0 0x0 0x0 0x0 0x0 0x0
VERBOSE: SPM(0): 0x8400006f 0x8001 0x0 0x8a866 0x0 0x0 0x0 0x0
VERBOSE: SPM(0): 0x84000070 0x80010000 0x0 0x0 0x0 0x0 0x0 0x0
VERBOSE: SPM(0): 0x84000069 0x0 0x0 0x0 0x0 0x0 0x0 0x0
VERBOSE: SPM(0): 0x8400006f 0x8002 0x0 0x9066 0x0 0x0 0x0 0x0
VERBOSE: SPM(0): 0x84000070 0x80020000 0x0 0x0 0x0 0x0 0x0 0x0
VERBOSE: SPM(0): 0xc4000066 0x8811a000 0x8811c000 0x1 0x0 0x0 0x0 0x0
VERBOSE: SPM(0): 0x84000061 0x0 0x0 0x0 0x0 0x0 0x0 0x0
VERBOSE: SPM(0): 0x8400006f 0x8001 0x0 0x8a867 0x0 0x0 0x0 0x0
VERBOSE: SPM(0): 0x84000070 0x80010000 0x0 0x0 0x0 0x0 0x0 0x0
VERBOSE: SPM(0): 0x84000073 0x70 0x70 0x0 0x0 0x0 0x0 0x0
VERBOSE: SPM(0): 0x84000061 0x0 0x0 0x0 0x0 0x0 0x0 0x0
VERBOSE: SPM(0): 0xc400006f 0x8001 0x0 0x0 0x0 0x0 0x0 0x0
VERBOSE: SPM(0): 0xc4000070 0x80010000 0x0 0x0 0x0 0x0 0x0 0x0
VERBOSE: SPM(0): 0x8400007c 0x0 0x0 0x0 0x0 0x0 0x0 0x0
VERBOSE: SPM(0): 0x84000077 0x0 0x0 0x0 0x0 0x0 0x0 0x0
VERBOSE: SPM(0): 0x84000061 0x0 0x0 0x0 0x0 0x0 0x0 0x0
VERBOSE: SPM(0): 0x84000067 0x0 0x0 0x0 0x0 0x0 0x0 0x0
VERBOSE: SPM(0): 0x84000061 0x0 0x0 0x0 0x0 0x0 0x0 0x0
VERBOSE: SPM(0): 0x8400006f 0x8001 0x0 0x8a867 0x0 0x0 0x0 0x0
VERBOSE: SPM(0): 0x84000070 0x80010000 0x0 0x0 0x0 0x0 0x0 0x0
VERBOSE: SPM(0): 0x84000069 0x0 0x0 0x0 0x0 0x0 0x0 0x0
VERBOSE: SPM(0): 0x8400006f 0x8002 0x0 0x9067 0x0 0x0 0x0 0x0
VERBOSE: SPM(0): 0x84000070 0x80020000 0x0 0x0 0x0 0x0 0x0 0x0
VERBOSE: SPM(0): 0xc4000066 0x8811a000 0x8811c000 0x1 0x0 0x0 0x0 0x0
VERBOSE: SPM(0): 0x84000061 0x0 0x0 0x0 0x0 0x0 0x0 0x0
VERBOSE: SPM(0): 0x8400006f 0x8001 0x0 0x8a868 0x0 0x0 0x0 0x0
VERBOSE: SPM(0): 0x84000070 0x80010000 0x0 0x0 0x0 0x0 0x0 0x0
VERBOSE: SPM(0): 0x84000073 0x70 0x70 0x0 0x0 0x0 0x0 0x0
VERBOSE: SPM(0): 0x84000061 0x0 0x0 0x0 0x0 0x0 0x0 0x0
VERBOSE: SPM(0): 0xc400006f 0x8001 0x0 0x0 0x0 0x0 0x0 0x0
VERBOSE: SPM(0): 0xc4000070 0x80010000 0x0 0x0 0x0 0x0 0x0 0x0
VERBOSE: SPM(0): 0xc400006f 0x8001 0x0 0x0 0x0 0x0 0x0 0x0
VERBOSE: SPM(0): 0x84000062 0x80010000 0x0 0x0 0x0 0x0 0x0 0x0
VERBOSE: SPM(0): 0x8400007c 0x0 0x0 0x0 0x0 0x0 0x0 0x0
VERBOSE: SPM(0): 0x8400006d 0x80010000 0x0 0x0 0x0 0x0 0x0 0x0
VERBOSE: SPM(0): 0xc4000070 0x80010000 0x0 0x0 0x0 0x0 0x0 0x0
VERBOSE: SPM(0): 0x84000077 0x0 0x0 0x0 0x0 0x0 0x0 0x0
VERBOSE: SPM(0): 0x84000061 0x0 0x0 0x0 0x0 0x0 0x0 0x0
VERBOSE: SPM(0): 0x84000067 0x0 0x0 0x0 0x0 0x0 0x0 0x0
VERBOSE: SPM(0): 0x84000061 0x0 0x0 0x0 0x0 0x0 0x0 0x0
VERBOSE: SPM(0): 0x8400006f 0x8001 0x0 0x8a868 0x0 0x0 0x0 0x0
VERBOSE: SPM(0): 0x84000070 0x80010000 0x0 0x0 0x0 0x0 0x0 0x0
VERBOSE: SPM(0): 0x84000063 0x10001 0x0 0x0 0x0 0x0 0x0 0x0
VERBOSE: SPM(0): 0x84000070 0x8000ffff 0x80000009 0x0 0x0 0x0 0x0 0x0
VERBOSE: SPM(0): 0xc4000066 0x8811a000 0x8811c000 0x1 0x0 0x0 0x0 0x0
VERBOSE: SPM(0): 0x84000061 0x0 0x0 0x0 0x0 0x0 0x0 0x0
VERBOSE: SPM(0): 0x8400006f 0x8001 0x0 0x8a86a 0x0 0x0 0x0 0x0
VERBOSE: SPM(0): 0x84000070 0x80010000 0x0 0x0 0x0 0x0 0x0 0x0
VERBOSE: SPM(0): 0x84000073 0x70 0x70 0x0 0x0 0x0 0x0 0x0
VERBOSE: SPM(0): 0x84000061 0x0 0x0 0x0 0x0 0x0 0x0 0x0
VERBOSE: SPM(0): 0xc400006f 0x8001 0x0 0x0 0x0 0x0 0x0 0x0
VERBOSE: SPM(0): 0xc4000070 0x80010000 0x0 0x0 0x0 0x0 0x0 0x0
VERBOSE: SPM(0): 0x8400006d 0x80010000 0x0 0x0 0x0 0x0 0x0 0x0
VERBOSE: SPM(0): 0x8400006b 0x0 0x0 0x0 0x0 0x0 0x0 0x0
VERBOSE: SPM(0): 0x84000077 0x0 0x0 0x0 0x0 0x0 0x0 0x0
VERBOSE: SPM(0): 0x84000061 0x0 0x0 0x0 0x0 0x0 0x0 0x0
VERBOSE: SPM(0): 0xc400006f 0x8001 0x0 0x0 0x0 0x0 0x0 0x0
VERBOSE: SPM(0): 0xc4000070 0x80010000 0x0 0x0 0x0 0x0 0x0 0x0
VERBOSE: SPM(0): 0x84000073 0x70 0x70 0x0 0x0 0x0 0x0 0x0
VERBOSE: SPM(0): 0x84000061 0x0 0x0 0x0 0x0 0x0 0x0 0x0
VERBOSE: SPM(0): 0xc400006f 0x8001 0x0 0x0 0x0 0x0 0x0 0x0
VERBOSE: SPM(0): 0xc4000070 0x80010000 0x0 0x0 0x0 0x0 0x0 0x0
VERBOSE: SPM(0): 0x8400006d 0x80010000 0x0 0x0 0x0 0x0 0x0 0x0
VERBOSE: SPM(0): 0x8400006b 0x0 0x0 0x0 0x0 0x0 0x0 0x0
VERBOSE: SPM(0): 0x84000077 0x0 0x0 0x0 0x0 0x0 0x0 0x0
VERBOSE: SPM(0): 0x84000061 0x0 0x0 0x0 0x0 0x0 0x0 0x0
VERBOSE: SPM(0): 0x84000067 0x0 0x0 0x0 0x0 0x0 0x0 0x0
VERBOSE: SPM(0): 0x84000061 0x0 0x0 0x0 0x0 0x0 0x0 0x0
VERBOSE: SPM(0): 0x8400006f 0x8001 0x0 0x8a86a 0x0 0x0 0x0 0x0
VERBOSE: SPM(0): 0x84000070 0x80010000 0x0 0x0 0x0 0x0 0x0 0x0
VERBOSE: SPM(0): 0xc400008b 0xe14f904a1e67b5b4 0xcbdae1da13fb1fb8 0x0 0x0 0x0 0x0 0x0
VERBOSE: SPM(0): 0xc4000061 0x0 0x30000000000000 0x30d00018001 0x0 0x0 0x0 0x0
VERBOSE: SPM(0): 0xc400008b 0xb94723f0092358d1 0xc88f57f564447c82 0x0 0x0 0x0 0x0 0x0
VERBOSE: SPM(0): 0xc4000061 0x0 0x30000000000000 0x30d00018002 0x0 0x0 0x0 0x0
VERBOSE: SPM(0): 0xc400008b 0xb9448c1d735cb579 0xd2d80a77e1619385 0x0 0x0 0x0 0x0 0x0
VERBOSE: SPM(0): 0xc4000061 0x0 0x30000000000000 0x30900018003 0x0 0x0 0x0 0x0
VERBOSE: SPM(0): 0xc400008b 0xcf6713e12658cda4 0x31ef681349cd10f9 0x0 0x0 0x0 0x0 0x0
VERBOSE: SPM(0): 0xc4000061 0x0 0x30000000000000 0x30900018004 0x0 0x0 0x0 0x0
VERBOSE: SPM(0): 0x84000069 0x0 0x0 0x0 0x0 0x0 0x0 0x0
VERBOSE: SPM(0): 0x84000069 0x0 0x0 0x0 0x0 0x0 0x0 0x0
VERBOSE: SPM(0): 0x84000069 0x0 0x0 0x0 0x0 0x0 0x0 0x0
VERBOSE: SPM(0): 0x84000069 0x0 0x0 0x0 0x0 0x0 0x0 0x0
VERBOSE: SPM(0): 0x84000069 0x0 0x0 0x0 0x0 0x0 0x0 0x0
VERBOSE: SPM(0): 0xc400008b 0x0 0x0 0x0 0x0 0x0 0x0 0x0
VERBOSE: SPM(0): 0xc4000061 0x0 0x30000000010003 0x30d00018001 0xe14f904a1e67b5b4 0xcbdae1da13fb1fb8 0x0 0x0
VERBOSE: SPM(0): 0xc400008b 0x0 0x0 0x2 0x0 0x0 0x0 0x0
VERBOSE: SPM(0): 0xc4000061 0x0 0x30000000030003 0x30900018003 0xb9448c1d735cb579 0xd2d80a77e1619385 0x0 0x0
VERBOSE: SPM(0): 0x84000069 0x0 0x0 0x0 0x0 0x0 0x0 0x0
VERBOSE: SPM(0): 0x8400006f 0x8001 0x0 0x86c 0x0 0x0 0x0 0x0
VERBOSE: SPM(0): 0xc400008b 0xb7db524fe98e43ad 0x1588f4e347a3bf57 0x0 0x0 0x0 0x0 0x0
VERBOSE: SPM(0): 0x84000070 0x80010000 0x0 0x11 0x0 0x0 0x0 0x0
VERBOSE: SPM(0): 0xc4000066 0x8811a000 0x8811c000 0x1 0x0 0x0 0x0 0x0
VERBOSE: SPM(0): 0x84000061 0x0 0x0 0x0 0x0 0x0 0x0 0x0
VERBOSE: SPM(0): 0xc4000073 0x90 0x90 0x0 0x0 0x0 0x0 0x0
VERBOSE: SPM(0): 0x84000061 0x0 0x0 0x0 0x0 0x0 0x0 0x0
VERBOSE: SPM(0): 0x8400006f 0x8001 0x0 0x8a86d 0xc4000073 0x80038001 0x0 0x0
VERBOSE: SPM(0): 0x84000070 0x80010000 0x0 0x0 0x0 0x0 0x0 0x0
VERBOSE: SPM(0): 0x8400006f 0x8003 0x0 0x9a86d 0xc4000073 0x80038001 0x0 0x0
VERBOSE: SPM(0): 0x84000070 0x80030000 0x0 0x0 0x0 0x0 0x0 0x0
VERBOSE: SPM(0): 0xc400006f 0x8001 0x0 0x0 0x0 0x0 0x0 0x0
VERBOSE: SPM(0): 0xc4000070 0x80010000 0x0 0x0 0x0 0x0 0x0 0x0
VERBOSE: SPM(0): 0xc400006f 0x8003 0x0 0x0 0x0 0x0 0x0 0x0
VERBOSE: SPM(0): 0xc4000070 0x80030000 0x0 0x0 0x0 0x0 0x0 0x0
VERBOSE: SPM(0): 0x84000077 0x0 0x0 0x0 0x0 0x0 0x0 0x0
VERBOSE: SPM(0): 0x84000061 0x0 0x0 0x0 0x0 0x0 0x0 0x0
VERBOSE: SPM(0): 0x8400006f 0x8001 0x0 0x8a86d 0x0 0x0 0x0 0x0
VERBOSE: SPM(0): 0x84000070 0x80010000 0x0 0x0 0x0 0x0 0x0 0x0
VERBOSE: SPM(0): 0x8400006f 0x8003 0x0 0x9a86d 0x0 0x0 0x0 0x0
VERBOSE: SPM(0): 0x84000070 0x80030000 0x0 0x0 0x0 0x0 0x0 0x0
VERBOSE: SPM(0): 0x84000067 0x0 0x0 0x0 0x0 0x0 0x0 0x0
VERBOSE: SPM(0): 0x84000061 0x0 0x0 0x0 0x0 0x0 0x0 0x0
VERBOSE: SPM(0): 0xc4000066 0x8811a000 0x8811c000 0x1 0x0 0x0 0x0 0x0
VERBOSE: SPM(0): 0x84000061 0x0 0x0 0x0 0x0 0x0 0x0 0x0
VERBOSE: SPM(0): 0x84000073 0x90 0x90 0x0 0x0 0x0 0x0 0x0
VERBOSE: SPM(0): 0x84000061 0x0 0x0 0x0 0x0 0x0 0x0 0x0
VERBOSE: SPM(0): 0x8400006f 0x8001 0x0 0x8a86d 0x84000073 0x80038001 0x0 0x0
VERBOSE: SPM(0): 0x84000070 0x80010000 0x0 0x0 0x0 0x0 0x0 0x0
VERBOSE: SPM(0): 0x8400006f 0x8003 0x0 0x9a86d 0x84000073 0x80038001 0x0 0x0
VERBOSE: SPM(0): 0x84000070 0x80030000 0x0 0x0 0x0 0x0 0x0 0x0
VERBOSE: SPM(0): 0xc400006f 0x8001 0x0 0x0 0x0 0x0 0x0 0x0
VERBOSE: SPM(0): 0xc4000070 0x80010000 0x0 0x0 0x0 0x0 0x0 0x0
VERBOSE: SPM(0): 0xc400006f 0x8003 0x0 0x0 0x0 0x0 0x0 0x0
VERBOSE: SPM(0): 0xc4000070 0x80030000 0x0 0x0 0x0 0x0 0x0 0x0
VERBOSE: SPM(0): 0x84000077 0x0 0x0 0x0 0x0 0x0 0x0 0x0
VERBOSE: SPM(0): 0x84000061 0x0 0x0 0x0 0x0 0x0 0x0 0x0
VERBOSE: SPM(0): 0x8400006f 0x8001 0x0 0x8a86d 0x0 0x0 0x0 0x0
VERBOSE: SPM(0): 0x84000070 0x80010000 0x0 0x0 0x0 0x0 0x0 0x0
VERBOSE: SPM(0): 0x8400006f 0x8003 0x0 0x9a86d 0x0 0x0 0x0 0x0
VERBOSE: SPM(0): 0x84000070 0x80030000 0x0 0x0 0x0 0x0 0x0 0x0
VERBOSE: SPM(0): 0x84000067 0x0 0x0 0x0 0x0 0x0 0x0 0x0
VERBOSE: SPM(0): 0x84000061 0x0 0x0 0x0 0x0 0x0 0x0 0x0
VERBOSE: SPM(0): 0x84000069 0x0 0x0 0x0 0x0 0x0 0x0 0x0
VERBOSE: SPM(0): 0x8400006f 0x8001 0x0 0x1086d 0x0 0x0 0x0 0x0
VERBOSE: SPM(0): 0x84000070 0x80010000 0x0 0x0 0x0 0x0 0x0 0x0
VERBOSE: SPM(0): 0xc4000066 0x8811a000 0x8811c000 0x1 0x0 0x0 0x0 0x0
VERBOSE: SPM(0): 0x84000061 0x0 0x0 0x0 0x0 0x0 0x0 0x0
VERBOSE: SPM(0): 0xc4000072 0x90 0x90 0x0 0x0 0x0 0x0 0x0
VERBOSE: SPM(0): 0x84000061 0x0 0x0 0x0 0x0 0x0 0x0 0x0
VERBOSE: SPM(0): 0x8400006f 0x8002 0x0 0x9286e 0xc4000072 0x80038002 0x0 0x0
VERBOSE: SPM(0): 0x84000070 0x80020000 0x0 0x0 0x0 0x0 0x0 0x0
VERBOSE: SPM(0): 0x8400006f 0x8003 0x0 0x9a86e 0xc4000072 0x80038002 0x0 0x0
VERBOSE: SPM(0): 0x84000070 0x80030000 0x0 0x0 0x0 0x0 0x0 0x0
VERBOSE: SPM(0): 0xc400006f 0x8002 0x0 0x0 0x0 0x0 0x0 0x0
VERBOSE: SPM(0): 0xc4000070 0x80020000 0x0 0x0 0x0 0x0 0x0 0x0
VERBOSE: SPM(0): 0xc400006f 0x8003 0x0 0x0 0x0 0x0 0x0 0x0
VERBOSE: SPM(0): 0xc4000070 0x80030000 0x0 0x0 0x0 0x0 0x0 0x0
VERBOSE: SPM(0): 0xc400006f 0x8002 0x0 0x0 0x0 0x0 0x0 0x0
VERBOSE: SPM(0): 0xc4000070 0x80020000 0x0 0x0 0x0 0x0 0x0 0x0
VERBOSE: SPM(0): 0xc400006f 0x8003 0x0 0x0 0x0 0x0 0x0 0x0
VERBOSE: SPM(0): 0xc4000070 0x80030000 0x0 0x0 0x0 0x0 0x0 0x0
VERBOSE: SPM(0): 0x84000077 0x0 0x0 0x0 0x0 0x0 0x0 0x0
VERBOSE: SPM(0): 0x84000061 0x0 0x0 0x0 0x0 0x0 0x0 0x0
VERBOSE: SPM(0): 0x8400006f 0x8002 0x0 0x9286e 0x0 0x0 0x0 0x0
VERBOSE: SPM(0): 0x84000070 0x80020000 0x0 0x0 0x0 0x0 0x0 0x0
VERBOSE: SPM(0): 0x8400006f 0x8003 0x0 0x9a86e 0x0 0x0 0x0 0x0
VERBOSE: SPM(0): 0x84000070 0x80030000 0x0 0x0 0x0 0x0 0x0 0x0
VERBOSE: SPM(0): 0x84000067 0x0 0x0 0x0 0x0 0x0 0x0 0x0
VERBOSE: SPM(0): 0x84000061 0x0 0x0 0x0 0x0 0x0 0x0 0x0
VERBOSE: SPM(0): 0xc4000066 0x8811a000 0x8811c000 0x1 0x0 0x0 0x0 0x0
VERBOSE: SPM(0): 0x84000061 0x0 0x0 0x0 0x0 0x0 0x0 0x0
VERBOSE: SPM(0): 0x84000072 0x90 0x90 0x0 0x0 0x0 0x0 0x0
VERBOSE: SPM(0): 0x84000061 0x0 0x0 0x0 0x0 0x0 0x0 0x0
VERBOSE: SPM(0): 0x8400006f 0x8002 0x0 0x9286e 0x84000072 0x80038002 0x0 0x0
VERBOSE: SPM(0): 0x84000070 0x80020000 0x0 0x0 0x0 0x0 0x0 0x0
VERBOSE: SPM(0): 0x8400006f 0x8003 0x0 0x9a86e 0x84000072 0x80038002 0x0 0x0
VERBOSE: SPM(0): 0x84000070 0x80030000 0x0 0x0 0x0 0x0 0x0 0x0
VERBOSE: SPM(0): 0xc400006f 0x8002 0x0 0x0 0x0 0x0 0x0 0x0
VERBOSE: SPM(0): 0xc4000070 0x80020000 0x0 0x0 0x0 0x0 0x0 0x0
VERBOSE: SPM(0): 0xc400006f 0x8003 0x0 0x0 0x0 0x0 0x0 0x0
VERBOSE: SPM(0): 0xc4000070 0x80030000 0x0 0x0 0x0 0x0 0x0 0x0
VERBOSE: SPM(0): 0xc400006f 0x8002 0x0 0x0 0x0 0x0 0x0 0x0
VERBOSE: SPM(0): 0xc4000070 0x80020000 0x0 0x0 0x0 0x0 0x0 0x0
VERBOSE: SPM(0): 0xc400006f 0x8003 0x0 0x0 0x0 0x0 0x0 0x0
VERBOSE: SPM(0): 0xc4000070 0x80030000 0x0 0x0 0x0 0x0 0x0 0x0
VERBOSE: SPM(0): 0x84000077 0x0 0x0 0x0 0x0 0x0 0x0 0x0
VERBOSE: SPM(0): 0x84000061 0x0 0x0 0x0 0x0 0x0 0x0 0x0
VERBOSE: SPM(0): 0x8400006f 0x8002 0x0 0x9286e 0x0 0x0 0x0 0x0
VERBOSE: SPM(0): 0x84000070 0x80020000 0x0 0x0 0x0 0x0 0x0 0x0
VERBOSE: SPM(0): 0x8400006f 0x8003 0x0 0x9a86e 0x0 0x0 0x0 0x0
VERBOSE: SPM(0): 0x84000070 0x80030000 0x0 0x0 0x0 0x0 0x0 0x0
VERBOSE: SPM(0): 0x84000067 0x0 0x0 0x0 0x0 0x0 0x0 0x0
VERBOSE: SPM(0): 0x84000061 0x0 0x0 0x0 0x0 0x0 0x0 0x0
VERBOSE: SPM(0): 0x84000069 0x0 0x0 0x0 0x0 0x0 0x0 0x0
VERBOSE: SPM(0): 0x8400006f 0x8001 0x0 0x1086e 0x0 0x0 0x0 0x0
VERBOSE: SPM(0): 0x84000070 0x80010000 0x0 0x0 0x0 0x0 0x0 0x0
VERBOSE: SPM(0): 0x84000069 0x0 0x0 0x0 0x0 0x0 0x0 0x0
VERBOSE: SPM(0): 0x8400006f 0x8001 0x0 0x1086f 0x0 0x0 0x0 0x0
VERBOSE: SPM(0): 0x84000070 0x80010000 0x0 0x0 0x0 0x0 0x0 0x0
VERBOSE: SPM(0): 0xc4000066 0x8811a000 0x8811c000 0x1 0x0 0x0 0x0 0x0
VERBOSE: SPM(0): 0x84000061 0x0 0x0 0x0 0x0 0x0 0x0 0x0
VERBOSE: SPM(0): 0xc4000073 0x90 0x90 0x0 0x0 0x0 0x0 0x0
VERBOSE: SPM(0): 0x84000061 0x0 0x0 0x0 0x0 0x0 0x0 0x0
VERBOSE: SPM(0): 0x8400006f 0x8001 0x0 0x8a870 0xc4000073 0x80038001 0x0 0x0
VERBOSE: SPM(0): 0x84000070 0x80010000 0x0 0x0 0x0 0x0 0x0 0x0
VERBOSE: SPM(0): 0x8400006f 0x8003 0x0 0x9a870 0xc4000073 0x80038001 0x0 0x0
VERBOSE: SPM(0): 0x84000070 0x80030000 0x0 0x0 0x0 0x0 0x0 0x0
VERBOSE: SPM(0): 0xc400006f 0x8001 0x0 0x0 0x0 0x0 0x0 0x0
VERBOSE: SPM(0): 0x84000070 0x80010000 0x0 0x0 0x0 0x0 0x0 0x0
VERBOSE: SPM(0): 0xc400006f 0x8003 0x0 0x0 0x0 0x0 0x0 0x0
VERBOSE: SPM(0): 0x84000070 0x80030000 0x0 0x0 0x0 0x0 0x0 0x0
VERBOSE: SPM(0): 0xc4000073 0x90 0x90 0x0 0x0 0x0 0x0 0x0
VERBOSE: SPM(0): 0x84000060 0x0 0xfffffffa 0x0 0x0 0x0 0x0 0x0
VERBOSE: SPM(0): 0x8400006f 0x8001 0x0 0x8a870 0xc4000073 0x80038001 0x0 0x0
VERBOSE: SPM(0): 0xc4000070 0x80010000 0x0 0x0 0x0 0x0 0x0 0x0
VERBOSE: SPM(0): 0x8400006f 0x8003 0x0 0x9a870 0xc4000073 0x80038001 0x0 0x0
VERBOSE: SPM(0): 0xc4000070 0x80030000 0x0 0x0 0x0 0x0 0x0 0x0
VERBOSE: SPM(0): 0x84000077 0x0 0x0 0x0 0x0 0x0 0x0 0x0
VERBOSE: SPM(0): 0x84000061 0x0 0x0 0x0 0x0 0x0 0x0 0x0
VERBOSE: SPM(0): 0x8400006f 0x8001 0x0 0x8a870 0x0 0x0 0x0 0x0
VERBOSE: SPM(0): 0x84000070 0x80010000 0x0 0x0 0x0 0x0 0x0 0x0
VERBOSE: SPM(0): 0x8400006f 0x8003 0x0 0x9a870 0x0 0x0 0x0 0x0
VERBOSE: SPM(0): 0x84000070 0x80030000 0x0 0x0 0x0 0x0 0x0 0x0
VERBOSE: SPM(0): 0x84000067 0x0 0x0 0x0 0x0 0x0 0x0 0x0
VERBOSE: SPM(0): 0x84000061 0x0 0x0 0x0 0x0 0x0 0x0 0x0
VERBOSE: SPM(0): 0xc4000066 0x8811a000 0x8811c000 0x1 0x0 0x0 0x0 0x0
VERBOSE: SPM(0): 0x84000061 0x0 0x0 0x0 0x0 0x0 0x0 0x0
VERBOSE: SPM(0): 0x84000073 0x90 0x90 0x0 0x0 0x0 0x0 0x0
VERBOSE: SPM(0): 0x84000061 0x0 0x0 0x0 0x0 0x0 0x0 0x0
VERBOSE: SPM(0): 0x8400006f 0x8001 0x0 0x8a870 0x84000073 0x80038001 0x0 0x0
VERBOSE: SPM(0): 0x84000070 0x80010000 0x0 0x0 0x0 0x0 0x0 0x0
VERBOSE: SPM(0): 0x8400006f 0x8003 0x0 0x9a870 0x84000073 0x80038001 0x0 0x0
VERBOSE: SPM(0): 0x84000070 0x80030000 0x0 0x0 0x0 0x0 0x0 0x0
VERBOSE: SPM(0): 0xc400006f 0x8001 0x0 0x0 0x0 0x0 0x0 0x0
VERBOSE: SPM(0): 0x84000070 0x80010000 0x0 0x0 0x0 0x0 0x0 0x0
VERBOSE: SPM(0): 0xc400006f 0x8003 0x0 0x0 0x0 0x0 0x0 0x0
VERBOSE: SPM(0): 0x84000070 0x80030000 0x0 0x0 0x0 0x0 0x0 0x0
VERBOSE: SPM(0): 0x84000073 0x90 0x90 0x0 0x0 0x0 0x0 0x0
VERBOSE: SPM(0): 0x84000060 0x0 0xfffffffa 0x0 0x0 0x0 0x0 0x0
VERBOSE: SPM(0): 0x8400006f 0x8001 0x0 0x8a870 0x84000073 0x80038001 0x0 0x0
VERBOSE: SPM(0): 0xc4000070 0x80010000 0x0 0x0 0x0 0x0 0x0 0x0
VERBOSE: SPM(0): 0x8400006f 0x8003 0x0 0x9a870 0x84000073 0x80038001 0x0 0x0
VERBOSE: SPM(0): 0xc4000070 0x80030000 0x0 0x0 0x0 0x0 0x0 0x0
VERBOSE: SPM(0): 0x84000077 0x0 0x0 0x0 0x0 0x0 0x0 0x0
VERBOSE: SPM(0): 0x84000061 0x0 0x0 0x0 0x0 0x0 0x0 0x0
VERBOSE: SPM(0): 0x8400006f 0x8001 0x0 0x8a870 0x0 0x0 0x0 0x0
VERBOSE: SPM(0): 0x84000070 0x80010000 0x0 0x0 0x0 0x0 0x0 0x0
VERBOSE: SPM(0): 0x8400006f 0x8003 0x0 0x9a870 0x0 0x0 0x0 0x0
VERBOSE: SPM(0): 0x84000070 0x80030000 0x0 0x0 0x0 0x0 0x0 0x0
VERBOSE: SPM(0): 0x84000067 0x0 0x0 0x0 0x0 0x0 0x0 0x0
VERBOSE: SPM(0): 0x84000061 0x0 0x0 0x0 0x0 0x0 0x0 0x0
VERBOSE: SPM(0): 0x84000069 0x0 0x0 0x0 0x0 0x0 0x0 0x0
VERBOSE: SPM(0): 0x8400006f 0x8001 0x0 0x10870 0x0 0x0 0x0 0x0
VERBOSE: SPM(0): 0x84000070 0x80010000 0x0 0x0 0x0 0x0 0x0 0x0
VERBOSE: SPM(0): 0x8400006f 0x8001 0x0 0x8a871 0x0 0x0 0x0 0x0
VERBOSE: SPM(0): 0x84000070 0x80010000 0x0 0x0 0x0 0x0 0x0 0x0
VERBOSE: SPM(0): 0xc400008d 0x8001 0xe14f904a1e67b5b4 0xcbdae1da13fb1fb8 0x1122334411223344 0x8877665588776655 0xffeeddccffeeddcc 0xbbaa9988bbaa9988
VERBOSE: SPM(0): 0x8400006f 0x8001 0x0 0x8a871 0x0 0x0 0x0 0x0
VERBOSE: SPM(0): 0x84000070 0x80010000 0x0 0x1 0x0 0x0 0x0 0x0
